Wens AQI,CO,Ozone,SO2,PM10,PM25,NO2
116.53,61,36,29,0,0,105
120.87,82,21,43,0,0,106
112.51,77,13,14,0,0,100
65.6,52,16,0,0,0,57
75.68,43,19,14,0,0,68
69.56,60,18,0,43,0,47
89.03,55,30,14,0,0,79
116.08,65,21,14,0,0,105
111.43,100,19,14,0,0,68
129.13,111,27,14,0,0,110
126.33,99,24,14,0,0,110
155.58,135,30,29,64,0,108
161.83,143,35,29,0,0,110
120.03,82,29,14,0,0,106
135.28,116,32,29,0,0,114
78.97,49,37,14,50,0,68
115.75,92,25,29,0,0,100
140.2,121,31,29,51,0,103
115.08,87,35,14,0,0,100
111.48,60,44,14,0,0,100
79.23,62,33,14,0,0,68
162.76,145,28,29,0,0,105
120.73,82,30,29,45,0,105
122.4,66,41,14,100,0,103
117.88,69,39,29,0,0,105
115.33,86,37,29,0,0,100
91.58,66,42,29,0,0,79
112.98,70,44,14,0,0,100
104.53,85,50,14,0,0,89
120.33,72,40,14,69,0,105
115.68,74,26,14,0,0,103
122.41,96,28,29,0,0,106
139.25,120,20,29,0,0,116
129.41,99,74,43,0,0,110
138.18,87,51,29,0,0,122
143.36,85,44,14,93,0,124
118.54,65,32,43,0,0,106
127.28,74,38,14,0,0,114
150.49,77,48,43,34,0,135
129.23,95,108,29,0,0,106
153.53,131,112,29,0,0,103
128.79,96,43,29,59,0,110
118.03,80,49,29,0,0,103
132.23,82,67,29,0,0,116
155.91,133,54,43,0,0,129
135.36,92,54,43,0,0,118
75.3,32,38,0,0,0,68
686.93,50,40,14,676,0,47
109.38,41,47,14,0,0,100
113.78,76,36,29,0,0,100
130.34,89,42,43,0,0,114
138.96,76,54,43,0,0,124
127.83,72,49,29,0,0,114
123.87,57,87,29,62,0,106
97.83,34,84,14,0,0,79
128.28,60,54,29,0,0,116
114.88,40,74,14,54,0,100
64.03,30,35,14,0,0,57
63.83,20,37,14,0,0,57
63.91,18,37,0,20,0,57
55.03,35,40,14,0,0,47
80.53,67,44,14,0,0,68
123.63,67,26,14,0,0,112
64.03,33,34,14,0,0,57
75.58,32,38,14,0,0,68
148.1,59,47,130,43,0,89
114.56,72,58,43,0,0,100
116.38,79,54,69,0,0,100
89.53,41,77,14,0,0,68
65.88,24,39,43,0,0,57
98.18,41,34,43,0,0,89
76.23,39,32,14,25,0,68
54.53,31,38,14,0,0,47
64.7,39,37,0,0,0,57
77.5,41,45,14,21,0,68
76.7,42,44,0,0,0,68
74.75,18,39,0,0,0,68
53.86,15,37,14,14,0,47
53.43,15,36,14,0,0,47
74.83,33,32,14,0,0,68
67.42,53,35,14,22,0,57
67.43,53,44,14,0,0,57
76.8,38,46,0,0,0,68
64.08,19,39,0,14,0,57
53,18,34,0,0,0,47
75.53,28,39,14,0,0,68
111.08,33,61,14,0,0,100
102.68,44,90,14,0,0,68
144.03,55,126,14,0,0,100
110,41,93,14,51,0,89
53.68,23,35,14,0,0,47
97.98,33,47,14,0,0,89
145.43,53,126,29,0,0,108
187.83,83,166,29,0,0,114
273.98,66,253,29,0,0,114
227.73,65,206,29,82,0,105
110.34,17,100,29,0,0,57
167.63,41,150,29,0,0,100
134.96,95,77,43,0,0,116
98.08,38,46,14,0,0,89
76.38,24,46,14,0,0,68
89.74,33,43,14,51,0,79
100.93,30,87,29,0,0,79
168.17,26,156,29,0,0,68
78.13,23,58,14,0,0,68
55.53,24,47,14,0,0,47
80.73,18,71,14,0,0,57
106.63,30,93,14,51,0,68
106.78,24,93,29,0,0,79
66.28,18,54,14,0,0,57
53.51,13,37,14,0,0,47
63.93,22,37,14,0,0,57
65.13,16,47,14,0,0,57
56.94,23,46,14,46,0,47
64.68,16,44,14,0,0,57
76.53,24,44,29,0,0,68
86.85,26,77,0,0,0,57
104.68,24,93,14,0,0,68
158.03,49,140,29,0,0,100
171.09,34,151,43,62,0,103
65.12,11,48,14,0,0,57
65.18,26,44,14,0,0,57
66.08,23,51,14,0,0,57
130.53,38,115,14,0,0,89
161.28,60,143,14,0,0,100
189.12,50,161,107,131,0,106
243.15,30,224,56,0,0,105
187.78,24,174,29,0,0,79
54.15,17,42,0,0,0,47
77.01,18,48,29,0,0,68
93.68,17,84,14,0,0,57
177.47,27,164,29,43,0,68
105.03,19,93,29,0,0,68
66.18,16,54,14,0,0,57
205.48,34,187,56,0,0,100
178.13,31,161,29,0,0,100
71.38,19,61,29,0,0,57
98.65,16,87,14,50,0,57
93.93,22,84,14,0,0,57
98.68,24,87,14,0,0,68
65.68,15,51,14,0,0,57
98.38,18,87,14,0,0,68
227.28,24,212,29,0,0,89
257.31,40,237,43,73,0,100
247.5,25,233,43,0,0,79
158.48,23,150,14,0,0,47
69.48,23,61,14,0,0,47
128.48,27,115,14,0,0,79
165.63,23,154,14,0,0,68
68.49,23,44,14,57,0,57
66.33,19,54,14,0,0,57
117.63,16,108,14,0,0,57
173.73,18,164,14,0,0,57
173.28,34,156,29,0,0,100
167.75,30,150,43,0,0,100
103.94,13,90,14,64,0,68
200.08,19,187,14,0,0,79
238.78,35,221,29,0,0,103
247.28,23,234,14,0,0,79
238.51,13,229,14,0,0,57
243.38,24,226,29,0,0,103
238.44,23,221,14,67,0,89
201.68,24,190,14,0,0,68
132.33,30,122,14,0,0,57
129.48,33,119,14,0,0,57
174.25,34,164,0,0,0,57
277.83,34,264,14,0,0,79
281.41,49,259,29,99,0,106
213.58,26,197,14,0,0,100
198.23,15,187,14,0,0,68
193.43,19,182,14,0,0,68
180.23,15,169,14,0,0,68
178.58,15,169,14,0,0,57
175.96,19,166,14,45,0,47
61.97,11,54,14,0,0,47
80.58,15,71,14,0,0,57
103.89,18,93,14,34,0,57
56.08,15,48,14,0,0,47
53.21,13,30,29,0,0,47
87.3,16,44,14,22,0,79
244.91,26,227,43,12,0,100
284.78,39,265,56,0,0,108
262.98,33,245,29,0,0,105
286.38,24,269,29,0,0,103
293.63,23,282,14,0,0,68
272.48,30,254,29,79,0,89
227.48,24,213,43,0,0,79
150.38,19,140,29,0,0,57
98.13,30,49,14,0,0,89
89.03,19,77,29,0,0,68
177.74,22,164,29,0,0,79
222.03,20,206,29,64,0,79
272.78,23,258,14,0,0,89
296.13,24,281,56,0,0,79
257.34,17,247,29,0,0,57
179.26,23,164,29,0,0,89
220.46,23,206,43,0,0,79
225.88,20,212,14,60,0,68
117.58,15,108,14,0,0,57
77.73,15,58,14,0,0,68
165.48,20,154,14,0,0,68
179.13,26,169,14,0,0,57
195.08,19,182,14,0,0,79
243.67,22,228,14,62,0,79
239.62,16,226,29,0,0,79
214.23,15,203,14,0,0,68
194.01,18,179,56,0,0,79
255.26,23,240,29,0,0,89
267.5,35,247,81,0,0,105
257.15,39,237,56,65,0,100
244.91,38,227,43,0,0,100
186.43,34,169,14,0,0,103
217.36,28,202,29,0,0,89
259.99,27,243,29,0,0,100
248.63,23,237,14,0,0,68
179.09,13,169,29,44,0,47
135.63,16,126,14,0,0,57
172.22,26,161,43,0,0,57
246.69,27,226,94,0,0,103
296.66,53,276,56,0,0,112
296.79,42,276,69,0,0,110
239.75,26,223,29,46,0,89
198.7,30,182,81,0,0,79
112.73,35,38,14,0,0,105
100.43,26,87,14,0,0,79
53.38,23,33,14,0,0,47
83.93,22,74,14,0,0,57
180.23,23,164,56,56,0,79
222.81,23,210,43,0,0,68
215.66,18,202,29,0,0,79
220.77,26,202,56,0,0,103
244.44,27,227,29,0,0,103
261.8,50,240,56,0,0,120
276.79,34,256,43,70,0,105
297.42,42,277,29,50,0,110
253.78,24,240,29,0,0,79
228.33,31,216,29,0,0,68
132.7,20,119,29,0,0,79
187.76,23,174,29,0,0,79
199.56,34,179,29,71,0,105
240.08,32,222,29,0,0,106
253.71,49,233,43,0,0,116
284.38,38,266,29,0,0,106
296.77,31,280,56,0,0,89
241.76,23,228,29,0,0,79
242.82,45,221,56,66,0,110
219.83,30,202,29,0,0,105
238.33,32,221,14,0,0,103
176.26,23,161,29,0,0,89
214.33,24,201,14,0,0,79
228.19,27,216,29,0,0,68
56.78,15,46,14,46,0,47
65.78,23,49,14,0,0,57
99.5,33,84,43,42,0,79
170.16,34,154,14,37,0,89
204.93,26,190,14,0,0,89
244.98,23,235,14,0,0,57
264.89,23,249,14,66,0,79
246.73,47,227,14,0,0,114
259.98,62,238,29,0,0,122
256.73,34,238,43,0,0,106
222.88,60,201,29,0,0,122
151.88,50,132,14,0,0,114
210.6,34,190,56,61,0,105
212.44,47,190,94,0,0,112
231.78,49,210,56,0,0,120
246.93,60,224,29,0,0,129
225.52,56,203,56,0,0,124
210.61,47,190,43,0,0,116
136.87,53,108,43,55,0,116
140.38,42,120,29,0,0,118
199.13,31,182,29,0,0,100
158.73,45,140,29,0,0,106
189.72,87,164,56,0,0,135
267.31,103,243,43,0,0,122
227.16,66,205,43,60,0,112
186.53,35,166,29,61,0,108
249.53,39,232,29,0,0,100
286.08,35,268,29,0,0,105
238.28,69,214,29,0,0,135
229.63,70,205,29,0,0,137
188.91,74,164,29,64,0,129
166.57,79,143,29,52,0,120
144.61,87,122,43,0,0,116
195.28,45,177,14,0,0,105
145.43,49,126,69,0,0,100
222.73,49,202,29,0,0,118
243.96,65,219,43,90,0,122
263.51,59,242,43,0,0,118
249.83,51,229,29,0,0,118
261.53,86,237,29,0,0,131
283.96,136,255,43,0,0,142
248.03,65,228,14,0,0,110
92.29,33,80,14,56,0,57
63.28,24,32,14,0,0,57
66.9,50,32,14,26,0,57
66.98,52,38,14,0,0,57
78.28,52,44,14,0,0,68
63.83,35,26,14,0,0,57
64.87,30,37,14,27,0,57
90.28,59,37,29,0,0,79
115.23,63,44,29,0,0,103
135.08,86,38,14,0,0,120
127.03,99,38,14,0,0,110
124.95,89,40,56,0,0,108
147.48,121,93,69,65,0,122
195.67,131,169,56,0,0,118
187.03,166,67,29,0,0,114
150.51,128,67,43,0,0,122
194.51,142,166,43,0,0,127
178.43,111,122,29,0,0,154
157.03,70,133,29,93,0,116
118.43,57,100,29,0,0,100
99.68,49,51,29,0,0,89
121.03,81,46,29,0,0,106
154.28,135,44,29,0,0,110
165.93,148,38,29,0,0,103
81.51,59,34,14,64,0,68
101.08,89,32,14,0,0,68
105.83,91,48,29,0,0,79
98.73,86,45,14,0,0,68
88.33,49,34,14,0,0,79
125.08,99,33,29,0,0,108
117.22,89,32,29,53,0,100
189.05,170,25,29,0,0,114
141.82,120,32,29,58,0,118
125.88,108,31,29,0,0,105
106.78,91,37,29,0,0,89
189.5,166,35,69,0,0,129
227.01,202,32,56,90,0,125
154.56,120,54,43,0,0,133
112.48,49,37,14,0,0,103
66.23,47,38,14,0,0,57
89.43,56,35,14,0,0,79
91.18,79,34,14,0,0,68
94.12,77,22,14,57,0,79
119.35,96,25,29,0,0,103
127.14,101,27,29,0,0,110
159.23,140,19,29,0,0,116
190.82,168,26,29,0,0,139
163.38,145,44,14,0,0,106
87.47,74,32,14,47,0,68
157.03,142,28,14,0,0,89
161.23,145,19,14,0,0,100
90.09,61,24,14,23,0,79
119.08,82,30,14,0,0,105
161.18,142,30,29,0,0,114
164.36,148,29,14,43,0,89
119.88,101,29,14,0,0,103
119.89,100,22,29,0,0,103
120.24,103,17,29,0,0,103
86.63,39,30,14,0,0,79
86.33,30,37,14,0,0,79
230.62,208,37,29,66,0,120
231.18,214,29,14,0,0,103
138.78,125,33,14,0,0,79
111.13,60,31,29,0,0,100
127.23,109,35,29,0,0,106
125.38,108,42,14,0,0,100
127.61,106,34,29,89,0,106
124.98,108,34,14,0,0,100
54.5,39,33,0,0,0,47
46,39,26,0,0,0,38
95.33,87,20,14,0,0,47
119.88,103,23,14,0,0,103
91.91,75,20,14,19,0,79
68.84,19,35,7,22,59,48
91.86,36,29,11,38,77,77
91.26,40,31,9,50,75,76
74.41,27,29,4,31,63,58
97.24,38,37,4,42,84,64
124.67,28,47,1,40,114,45
95.68,18,44,4,54,84,46
74,36,33,6,34,63,52
82.26,24,26,6,36,71,56
103.09,24,31,9,51,89,69
108.14,30,36,31,49,94,67
84.58,27,37,6,34,63,72
89.4,27,29,3,45,77,60
92.69,44,43,3,35,82,46
73.95,9,37,1,23,65,43
73.61,18,39,3,31,63,51
91.03,24,42,6,43,80,50
103.72,30,43,6,44,91,60
103.27,20,38,1,44,93,46
64.57,9,38,1,24,56,40
80.55,13,40,1,29,72,34
74.64,15,35,1,19,67,34
76.73,20,35,3,25,67,47
69.71,33,33,10,25,59,52
68.47,45,28,6,25,57,54
71.11,26,42,4,25,60,53
77.26,24,40,6,26,67,48
53.52,28,40,4,16,44,44
70.29,28,31,3,25,60,51
90.46,17,36,1,28,81,45
104.74,19,40,6,43,94,49
114.44,13,43,7,38,104,48
76.71,22,38,6,33,66,51
55.55,20,44,1,17,44,46
61.1,26,46,4,17,51,46
67.38,17,42,4,25,56,56
69.12,18,37,1,20,59,50
63.7,15,44,1,22,54,45
63.99,18,40,6,31,53,53
71.32,20,38,3,27,62,43
70.69,8,37,1,21,63,31
65.65,7,39,1,15,58,27
56.19,8,39,1,21,48,35
64.11,13,41,4,23,55,42
62.02,13,32,3,19,53,45
67.95,17,42,3,19,57,54
57.74,19,40,6,20,46,48
71.54,17,40,1,22,63,35
75.55,13,42,3,23,67,30
76.59,10,40,1,29,68,36
75.42,17,41,4,32,65,49
74.73,20,39,14,27,63,58
79.66,20,41,30,28,68,55
133.3,16,47,7,33,120,66
107.31,9,48,3,44,97,35
107.75,8,61,1,34,96,35
62.32,6,43,0,20,54,27
60.01,10,39,1,20,51,43
68.02,14,42,1,19,59,41
62.48,8,42,1,18,54,33
64.64,16,45,4,34,54,49
59.91,27,45,4,29,40,50
67.92,16,47,4,23,41,58
69.15,26,39,6,26,58,54
74.75,13,43,0,50,64,42
54.22,6,46,3,26,28,41
67.73,15,47,7,33,49,57
73.96,15,51,4,31,47,63
86.78,18,74,3,32,60,55
75.74,6,64,1,28,63,32
75.55,7,51,1,30,65,43
79.99,7,44,1,27,71,34
75.23,9,46,4,23,66,33
79.15,7,44,3,29,70,36
81.71,7,37,1,28,74,29
49.16,7,44,0,6,27,17
48.64,6,43,0,11,28,22
58.39,8,49,1,16,46,40
77.87,14,51,6,24,67,48
84.62,19,50,7,26,72,61
97.08,13,51,4,39,86,47
85.53,7,40,7,26,77,36
70.08,7,40,1,19,62,31
53.66,6,46,1,9,40,27
57.08,6,49,4,6,33,41
63.84,13,49,3,15,54,38
68.55,11,44,4,58,49,37
99.85,7,49,1,51,89,30
136.59,8,67,3,51,123,40
79.36,8,47,1,27,70,32
75.54,6,47,0,66,35,31
59.22,11,50,3,16,35,46
79.47,13,67,4,51,57,52
75.26,10,61,4,31,63,45
72.18,9,50,1,32,62,37
72.37,10,61,1,33,51,53
104.56,13,93,1,27,53,54
145.68,16,133,6,30,63,45
103.95,15,90,1,37,67,57
73.33,8,58,3,27,62,38
50.17,3,45,0,8,24,25
52.8,8,46,3,13,32,31
55.79,5,49,0,12,34,27
55.52,7,47,0,19,43,31
68.34,9,58,1,25,55,28
102.07,11,90,1,32,58,50
90.12,11,77,31,32,55,60
90.08,10,77,3,30,66,47
93.57,9,71,4,40,80,35
123.18,10,90,3,40,106,53
202.88,9,179,7,51,136,34
169.26,6,151,0,39,105,22
84.73,6,74,0,18,59,28
65.31,6,41,1,19,57,33
62.62,8,40,3,24,54,39
47.58,5,41,0,9,35,21
68.22,6,58,6,22,51,39
113.35,9,101,6,28,64,39
120.66,6,108,1,31,70,24
115.68,8,101,1,38,79,38
76.18,8,54,13,22,66,26
73.78,5,64,16,18,52,25
82.26,5,71,3,24,61,30
80.18,6,51,1,30,70,36
110.11,8,97,1,32,70,36
114.85,6,101,1,37,75,31
105.31,7,90,1,44,82,33
112.66,8,97,1,44,83,42
135.37,13,119,3,55,83,44
167.18,6,151,1,47,88,25
140.6,6,126,1,44,79,21
174.33,6,159,1,47,83,20
154.96,6,140,0,40,82,27
124.44,8,112,3,35,66,30
96.92,6,84,7,46,64,41
170.37,8,156,3,44,74,44
168.52,7,154,1,36,79,36
99.85,5,87,6,36,68,34
164.73,6,150,0,42,79,33
202.64,7,187,1,44,85,27
189.72,10,172,3,63,90,42
140.44,8,126,3,46,75,35
105.98,6,93,1,46,67,25
113.45,5,101,1,43,65,22
80.3,5,71,0,26,50,20
54.86,5,48,1,22,35,20
77.37,6,67,1,22,55,31
133.1,8,122,1,24,60,29
131.64,7,119,3,31,68,33
113.27,7,100,3,38,70,35
182.36,8,164,3,49,100,36
176.33,6,156,1,48,114,35
146.34,6,129,3,38,99,22
127.61,3,115,1,27,73,12
78.51,5,58,1,28,68,15
64.23,5,54,3,31,53,30
90.16,9,77,3,38,69,35
137,7,122,3,44,79,39
156.73,5,143,3,60,66,35
141.72,5,126,1,41,88,18
147.52,5,133,1,37,82,13
138.19,6,122,6,44,87,38
166.86,6,151,1,44,85,39
169.97,8,154,1,46,86,30
129.48,6,115,1,34,81,25
126.17,5,112,1,28,82,18
148.93,5,133,1,33,91,26
175.14,5,161,1,31,80,24
115.98,6,97,1,36,99,25
120.87,5,108,1,33,71,23
159.26,5,143,1,43,90,25
164.03,6,147,1,46,92,40
108.82,5,93,4,44,86,29
90.58,5,80,1,31,56,26
97.2,6,87,1,21,56,25
80.09,10,71,1,24,45,33
111.72,7,100,4,55,49,42
113.41,9,101,6,31,64,39
138.22,7,126,6,36,63,37
142.36,8,129,7,34,71,36
143.07,5,133,6,29,53,25
130.52,5,119,3,30,63,22
133.65,5,122,9,35,61,26
125.23,6,112,7,36,71,29
122.7,5,105,0,43,101,15
131.88,5,90,0,58,115,19
118.14,5,105,0,35,71,32
152.99,6,140,6,33,69,36
144.95,6,133,3,25,64,34
213.07,8,200,6,35,66,45
188.51,7,174,7,40,76,42
223.85,8,207,6,44,91,39
109.1,10,90,7,59,91,63
135.4,13,105,26,55,115,58
156.68,7,140,1,42,91,39
114.92,5,101,3,35,78,17
86.28,3,77,0,22,52,16
89.82,3,61,0,23,79,23
61.15,7,51,1,25,48,46
117.06,9,105,1,31,58,51
109.53,7,97,1,41,65,29
170.96,6,156,13,39,81,27
165.03,5,151,1,39,77,21
125.85,6,112,0,38,75,29
98.41,7,84,1,37,79,28
121.75,5,108,1,37,75,27
114.55,5,101,3,36,74,26
114.69,5,101,3,33,75,33
159.27,6,147,4,28,66,33
181.77,7,169,4,32,69,32
157.73,6,143,1,44,78,35
189.18,9,174,1,42,81,37
170.01,7,156,4,35,76,34
169.8,9,156,4,39,73,34
142.58,7,129,3,41,72,28
163.45,5,150,1,42,72,22
179.69,5,169,6,32,56,26
142.2,10,129,3,41,67,42
171.96,8,156,3,62,79,41
189.57,6,174,4,51,80,43
171.72,11,156,7,52,79,49
208.04,9,192,9,51,80,55
221.35,9,205,9,47,87,34
199.81,7,187,10,37,67,32
203.73,9,190,11,59,65,36
148,8,136,1,39,60,41
135.07,8,122,10,37,66,43
140.14,14,126,7,37,66,63
142.24,10,129,10,42,64,50
145.04,9,133,7,32,61,40
147.25,7,136,6,31,60,25
128.71,7,115,1,36,74,33
104.83,6,90,3,39,81,29
84.57,6,61,1,37,73,22
120.44,7,105,1,42,85,22
96.82,8,84,0,38,68,28
113.51,8,101,3,40,66,21
112.2,10,100,1,27,65,34
137.33,11,126,3,29,56,42
93.13,11,80,9,31,65,49
173.57,7,159,1,44,76,41
130.12,7,115,4,37,81,41
95.38,7,80,4,51,79,40
101.91,10,90,10,33,60,39
151.01,10,140,9,31,56,34
186.03,9,154,10,40,160,32
114.68,9,101,11,36,68,49
76.29,11,39,7,35,66,49
76.58,8,61,16,39,64,45
75.22,7,48,14,31,65,41
187.38,8,174,7,39,70,35
168.35,7,154,7,42,76,32
93.74,8,71,4,61,79,42
83.25,8,44,6,34,74,35
86.95,7,74,1,36,70,25
107.61,8,93,7,39,77,41
117.74,14,100,11,40,64,89
146.11,17,133,9,34,62,54
161.25,10,147,0,30,74,47
109.52,7,93,3,47,88,40
108.31,13,93,7,44,77,51
101.03,13,87,14,41,68,52
131.54,15,115,19,48,80,61
164.26,9,147,6,51,88,56
157.94,10,140,6,44,97,45
133.98,13,119,7,40,78,43
74.34,8,48,4,44,64,37
85.53,8,67,3,32,73,33
97.28,7,80,7,41,82,45
96.04,8,58,10,44,84,43
87.68,9,50,6,42,77,42
101.52,13,87,16,36,71,54
168.29,13,154,9,42,72,46
121.14,14,105,27,38,74,72
115.56,16,100,19,46,72,66
101.57,10,64,14,42,88,55
91.64,8,77,6,51,75,31
103.06,8,71,6,51,89,32
93.02,11,71,3,50,79,31
103.51,7,90,3,40,72,27
78.92,8,47,4,41,69,31
70.2,10,44,1,35,61,32
52.95,7,40,3,19,45,28
54.4,8,32,1,19,47,35
55.92,11,38,1,22,48,31
71.24,10,50,6,24,61,40
72.18,15,54,6,31,61,42
72,22,49,9,36,61,48
101.13,16,87,13,34,66,62
150.03,15,133,16,43,74,80
82,18,42,6,34,52,71
99.07,7,87,6,37,62,36
69.81,6,48,0,23,61,17
50.24,6,43,4,14,39,19
60.37,6,44,1,44,51,22
55.63,7,44,1,19,47,30
52.88,9,44,1,27,40,41
65.83,13,45,1,33,51,55
73.87,19,49,4,45,54,62
72.39,26,58,11,33,48,60
96,20,84,6,27,55,55
116.07,26,90,19,43,80,97
116.88,16,87,14,51,99,67
115.5,15,48,4,50,103,58
118.1,9,44,6,52,107,43
106.85,10,43,6,44,97,42
110.89,20,58,3,48,98,56
83.24,18,54,4,37,71,56
83.27,24,44,7,36,52,72
83.39,25,41,4,35,72,54
149.46,10,51,6,51,138,50
78.76,7,42,0,31,70,34
48.8,6,41,0,19,37,35
49.05,13,41,1,19,38,34
62.5,11,43,9,22,53,44
69.52,15,44,3,32,59,49
72.68,22,41,3,38,56,61
92.55,24,34,4,40,69,79
94.23,25,30,3,38,81,68
81.76,13,31,3,33,72,48
63.02,7,33,0,14,56,33
61.36,9,36,3,15,54,29
60.8,15,35,4,23,53,35
69.72,23,37,6,30,60,45
92.41,16,38,3,39,82,49
124.94,22,43,14,49,114,43
115.88,24,44,4,38,101,76
68.22,20,39,30,26,57,53
98,19,42,1,28,89,35
124.96,11,39,1,44,115,45
112.02,19,42,10,44,101,50
110.76,13,29,7,45,101,42
75.83,11,31,1,20,69,31
57.03,11,27,1,25,51,25
51.77,9,33,1,19,45,25
41.78,8,34,1,13,35,25
51.27,10,35,1,13,44,31
94.24,17,23,4,34,86,38
118.9,22,31,4,42,107,58
133.43,17,30,9,48,123,44
157.69,25,35,9,56,144,64
165.44,26,34,4,58,153,50
175.53,27,36,7,60,163,44
120.57,30,39,9,56,108,54
96.34,25,34,6,49,85,51
80.74,20,35,1,29,72,40
51.07,16,39,1,12,43,33
65.52,16,32,1,22,57,41
60.91,17,38,1,13,53,32
60.49,18,37,0,14,53,26
67.34,18,38,1,21,59,37
43.64,16,37,3,17,30,29
59.33,18,40,4,24,43,50
64.53,16,36,3,29,52,54
81.6,24,31,10,32,71,52
89.49,34,31,4,37,80,42
73.97,17,40,1,21,66,24
64.66,16,36,0,17,57,32
123.92,27,31,1,47,114,34
82.8,30,39,1,27,74,36
55.65,13,37,1,14,31,48
72.49,19,33,4,26,63,46
82.39,24,31,1,25,74,39
82.24,22,34,1,27,74,37
111.34,24,35,1,41,102,40
153.61,22,43,1,55,142,38
77.56,20,43,9,41,66,54
87.16,26,44,6,46,75,56
75.52,19,39,6,39,65,49
100.38,30,31,6,46,89,52
79.87,23,39,6,30,71,38
67.64,19,40,1,25,58,45
84.25,24,38,16,41,73,52
98.16,30,32,7,44,84,71
59.32,14,39,1,19,51,36
44.97,15,38,3,12,23,35
67.67,19,39,1,24,59,39
86.06,24,38,6,31,77,40
64.58,20,41,3,30,54,50
72.25,26,39,4,32,61,54
87.91,27,39,9,39,76,57
82.46,26,44,6,48,64,69
69.45,19,42,6,33,55,58
70.13,22,42,4,30,59,53
57.95,19,41,9,19,47,48
87.98,26,40,10,33,58,76
89.29,28,31,16,50,63,76
87.01,38,29,7,39,51,76
61.94,19,19,1,15,54,42
63.89,19,18,1,16,57,35
65.55,16,30,4,17,59,27
63.06,14,39,1,16,55,32
45.27,11,39,3,11,23,31
62.42,17,37,3,25,54,38
84.44,22,33,9,46,73,53
83.88,26,35,11,51,71,60
78.91,23,29,7,42,67,58
88.05,26,31,11,42,76,58
60.38,16,39,6,25,52,33
97.83,18,39,9,43,88,43
159.31,15,40,1,47,149,43
118.48,15,43,3,48,108,40
103.64,19,43,1,42,94,35
52.24,14,44,3,14,30,41
71.17,16,40,3,26,62,42
68.26,18,43,6,27,59,37
70.04,18,45,4,32,60,45
66.9,18,40,4,30,57,46
84.91,22,38,6,40,74,51
100.02,25,44,14,49,86,67
87.94,26,43,13,37,56,76
59.26,22,49,9,19,40,49
69.88,17,51,4,30,59,45
83.04,14,48,1,30,73,39
61.64,14,45,0,52,39,33
51.02,13,44,0,13,19,37
59.37,9,43,1,29,50,43
67.56,17,41,10,31,58,43
74.77,18,48,6,47,64,40
65.52,10,45,7,30,56,38
62.63,16,45,9,31,52,49
76.4,14,48,10,41,65,52
73.9,16,49,6,36,49,63
72.46,22,44,9,34,47,62
76.06,15,50,14,36,56,64
73.56,22,61,21,28,57,56
84.25,13,47,7,26,74,47
79.81,8,42,6,33,71,32
112.71,9,45,1,43,103,31
51.55,7,42,3,19,43,34
51.2,5,43,1,12,42,31
51.35,6,44,1,11,35,35
68.08,7,44,1,24,59,37
73.14,11,54,7,30,62,43
86,24,50,7,35,74,55
103.3,22,67,6,40,88,71
91.76,15,64,4,31,64,78
115.46,16,97,4,30,83,89
148.36,14,84,1,36,132,55
134.02,9,58,1,49,122,34
111.76,7,80,1,43,97,23
103.56,6,58,0,42,92,32
118.76,9,49,3,48,108,40
103.97,14,54,3,52,92,48
74.08,8,49,3,32,64,38
87.08,6,64,1,51,74,40
101.65,7,87,0,40,79,33
137.24,8,119,3,40,100,45
123.6,11,93,4,42,106,51
124.67,13,101,1,49,106,40
86.45,6,58,3,40,75,30
94.31,6,44,6,34,85,37
101.2,9,43,7,35,92,36
82.92,7,51,6,26,73,31
59.44,6,33,0,16,53,21
55.89,6,41,1,18,48,25
74.7,7,49,4,26,65,33
100.1,10,74,7,41,86,34
102.75,7,47,0,40,93,28
70.55,6,44,3,25,62,26
74.73,7,50,0,31,65,27
76.65,7,50,0,29,67,28
61.45,6,48,3,50,51,20
64.04,7,54,6,32,48,40
75.9,11,64,3,45,55,50
102.47,13,90,1,30,64,40
92.95,7,74,1,42,79,30
102.68,6,87,0,44,86,23
60.39,3,49,6,33,51,12
62.97,5,48,0,21,54,25
55.44,6,46,1,40,45,28
58.28,7,50,1,24,27,42
68.6,13,58,3,38,41,50
90.98,14,80,6,32,50,50
118.92,8,105,4,36,72,44
168.5,8,154,4,35,79,35
137.88,5,122,3,42,87,30
87.73,5,74,3,44,72,30
100.61,5,87,1,41,73,25
84.38,5,74,4,29,55,27
104.25,8,93,3,28,58,36
125.81,9,112,6,38,73,36
185.45,7,169,0,48,89,28
148.73,6,133,1,51,83,30
105.79,5,93,0,38,69,22
104.68,5,93,0,31,63,29
128.95,10,115,1,57,63,63
184.25,11,169,6,31,75,62
171.25,11,156,0,44,76,55
78.45,5,67,6,31,63,14
61.6,5,46,0,15,53,26
62.2,6,49,0,19,53,27
68.3,5,58,1,27,55,28
78.9,6,67,1,31,64,31
98.59,6,84,1,36,80,33
157.43,9,140,0,44,95,40
188.26,10,172,1,25,87,50
163.35,13,147,3,28,73,79
112.48,6,100,1,35,66,35
100.85,5,87,0,46,73,25
89.4,5,71,4,43,76,23
78.84,5,67,1,39,62,24
107.6,5,97,0,32,56,25
126.44,7,115,1,35,60,27
124.96,7,112,1,44,65,43
176.41,6,161,1,52,80,34
112.05,5,97,1,46,82,17
100.65,5,87,0,43,72,30
133.36,6,119,0,44,76,32
118.05,5,105,1,40,70,22
96.29,6,84,0,34,67,21
81.85,6,71,3,32,58,20
69.31,5,54,3,32,59,24
88.64,5,77,3,33,62,28
140.13,6,126,1,42,76,25
127.65,5,112,4,51,82,33
205.13,7,187,3,54,98,28
166.51,14,150,0,73,82,14
105.42,5,93,0,44,64,26
112.09,5,101,1,33,59,24
154.71,5,143,0,35,62,28
113.38,6,100,4,40,70,36
133.35,6,119,1,43,75,41
150.1,5,136,0,35,79,20
134.2,5,122,0,29,69,15
80.91,5,71,1,27,53,25
122.01,6,112,1,29,50,36
105.96,5,93,6,37,68,37
132.78,6,119,3,39,74,29
174.18,6,161,0,40,70,28
163.69,5,150,3,43,73,23
153.51,5,140,3,42,72,24
133.48,7,119,3,44,77,28
113.38,7,100,1,43,70,29
76.19,5,64,1,54,58,34
114,7,101,6,42,66,40
139.46,6,126,3,44,69,38
153.18,5,140,0,44,68,34
102.61,5,90,3,40,68,14
62.83,5,45,1,31,54,21
71.6,6,61,1,31,56,26
154.07,7,143,3,35,56,36
79.88,7,67,1,44,65,39
167.71,10,154,7,32,69,49
209.98,11,197,6,35,67,39
203.94,8,190,3,35,74,39
104.03,9,90,4,38,72,45
114.47,9,100,3,39,77,38
140.74,7,129,6,35,61,32
145.99,7,129,3,50,92,26
183.42,6,108,1,73,163,22
130.91,6,119,1,30,66,19
163.98,6,150,9,38,76,22
142.46,9,129,14,43,68,37
181.53,9,166,30,52,74,54
93.56,7,80,1,40,71,38
84.19,8,49,1,39,74,36
91.08,6,77,4,35,77,31
130.34,7,115,4,37,85,28
179.9,6,166,14,38,74,28
86.94,6,74,1,44,67,28
111.66,7,101,1,28,54,37
129.64,8,119,4,27,51,45
181.45,7,169,3,34,63,43
183.54,7,169,7,49,74,39
165.05,6,150,1,45,81,26
87.97,6,71,1,33,75,27
103.78,7,90,4,35,75,30
118.17,6,108,3,31,53,26
118.07,5,108,3,29,53,27
147.11,6,136,9,36,57,26
132.16,7,119,3,41,68,37
172.99,7,161,4,40,61,33
105.37,6,93,3,31,69,16
89.18,6,77,1,30,67,25
81.86,5,71,0,30,58,28
117.14,5,105,1,33,66,24
106.31,6,93,1,37,71,34
164.1,6,150,3,40,75,35
155,6,140,1,43,82,21
149.81,6,136,1,36,76,24
100.93,7,87,1,34,76,34
85.59,6,71,0,67,70,31
86.81,6,74,3,39,67,33
77.59,7,67,3,38,52,36
88.39,5,77,3,28,61,31
113.64,6,101,1,31,70,23
127.31,6,115,3,31,67,28
164.2,8,151,4,38,70,30
185.14,6,169,1,44,87,38
184.96,8,166,6,51,103,37
189.64,8,172,10,47,95,38
188.8,11,172,4,37,92,40
114.2,8,100,7,31,75,42
144.1,7,129,10,57,76,29
114.61,6,100,4,43,78,30
118.69,7,105,1,45,71,32
91.69,9,80,7,32,58,42
81.42,8,71,7,27,49,46
108.99,8,97,10,28,60,43
121.14,8,108,6,31,69,39
148.19,9,133,6,35,80,45
69.31,13,51,10,40,58,50
86.11,8,74,9,35,58,49
79.09,11,67,10,31,60,43
88.83,13,77,11,28,57,47
116.46,11,105,3,28,56,45
65.49,9,41,9,21,56,45
54.52,7,38,3,15,47,27
63.05,8,50,6,19,54,19
66.79,10,48,10,22,57,37
70.45,10,58,13,32,58,55
108.26,15,93,9,51,70,67
80.88,11,67,17,39,64,61
125.01,11,112,11,34,64,48
131.46,15,119,11,30,65,34
95.69,8,84,6,36,59,38
81.16,7,64,3,35,69,32
69.84,7,48,3,37,60,31
96.33,10,84,11,28,63,40
132.27,13,119,9,51,62,52
180.05,14,166,4,34,70,51
172.53,9,159,10,32,71,39
110.95,13,97,3,38,71,45
102.47,9,87,1,43,83,34
107.39,6,93,3,42,76,37
120.97,9,105,9,46,84,40
169.74,6,154,3,49,84,27
96.04,6,84,3,40,63,22
59.09,7,51,1,27,38,34
90.91,15,80,4,31,50,49
100.43,14,87,6,32,54,65
69.39,7,58,1,37,57,39
58.24,7,43,4,39,49,33
62.3,11,45,4,37,52,47
78.17,17,67,6,31,52,47
116.5,15,105,10,30,54,48
82.1,14,64,9,34,69,49
105.5,11,93,1,36,63,42
85.98,6,74,3,36,63,29
83.06,7,64,1,69,67,33
88.2,13,67,6,57,74,49
78.85,19,67,10,26,43,58
101.31,17,90,6,18,46,55
93.37,20,80,11,43,61,57
77.58,10,46,1,31,68,37
55.93,6,40,1,20,48,28
67.91,9,43,3,25,59,35
77.55,14,50,3,32,67,42
92.9,13,80,4,30,67,39
74.78,8,51,1,28,65,28
76.97,13,51,3,24,66,51
67.63,18,49,3,27,55,56
68.5,19,47,4,24,55,57
99.68,22,87,7,31,57,58
91.55,19,77,13,37,65,67
89.13,20,74,7,33,73,61
121.07,15,105,4,34,87,40
133.86,11,80,7,46,118,53
100.54,13,58,6,51,87,62
104.14,7,51,3,52,93,31
108.04,8,64,1,51,95,36
113.42,10,61,6,53,99,67
130.41,17,61,4,44,117,60
118.46,19,80,4,44,103,42
48.08,6,38,1,40,35,25
51.13,10,41,3,15,43,29
63.01,14,42,6,21,54,39
72.08,15,47,3,30,61,52
78.59,22,45,4,28,66,62
76.4,20,61,4,23,64,47
96.5,11,84,1,26,68,31
66.17,11,48,4,38,56,39
74.69,15,43,4,25,63,58
66.76,15,40,9,36,56,51
70.52,16,39,11,32,50,60
73.2,24,40,9,34,62,53
99.66,19,48,1,31,88,55
100.89,17,84,3,31,85,46
95.4,23,51,11,39,81,70
102.37,26,31,3,61,86,81
90.47,27,41,6,31,77,68
92.24,19,40,9,31,61,80
88.84,18,50,1,36,78,45
71.38,10,46,1,26,62,35
73.06,10,50,3,24,63,37
76.37,18,49,3,34,66,39
67.18,7,44,1,34,58,35
68.39,9,39,1,30,60,35
44.15,7,37,1,10,34,34
50.18,14,40,4,8,42,34
54.82,14,37,7,11,47,34
71.57,16,41,4,18,63,34
81.43,18,35,4,19,72,46
94,22,32,6,30,82,62
86.23,28,34,6,23,74,63
77.25,26,47,1,21,67,45
87.04,22,26,1,22,79,39
81.94,27,39,3,21,73,40
70.84,20,38,3,18,62,41
114.78,23,34,7,25,67,102
75.18,31,40,3,24,65,47
59.86,14,44,10,19,46,50
68.25,16,44,3,25,58,48
74,22,44,3,29,64,45
69.69,17,37,1,17,61,41
76.6,20,40,3,16,68,37
82.11,24,44,4,22,71,53
66.7,19,41,3,22,56,52
66.62,19,36,10,27,56,52
81.78,18,33,6,35,71,53
113.11,22,33,3,32,103,49
113.34,31,41,9,29,101,60
84.04,36,39,3,22,74,46
64.89,18,38,4,32,53,54
88.92,23,33,10,44,75,70
82.98,24,33,4,55,71,51
60.46,9,36,1,16,52,41
72.82,19,34,6,19,64,42
102.16,24,35,1,26,94,36
127.05,23,33,9,25,117,49
103.54,28,35,7,23,92,58
97.34,19,37,6,30,85,63
109.93,38,44,7,15,100,44
82.28,26,42,6,25,54,71
76.2,28,35,4,30,55,65
74.11,34,31,3,28,64,48
80.47,19,43,3,28,70,49
80.55,23,34,6,36,69,57
109.56,39,26,16,44,96,66
176.31,34,37,9,57,161,73
123.25,28,34,7,31,111,62
96.62,20,23,6,33,84,67
129.56,27,34,4,35,118,57
109.23,25,41,6,46,97,57
73.6,25,38,4,55,57,61
75.42,25,29,4,38,64,56
103.63,28,39,4,40,92,55
132.46,20,40,1,44,122,47
154.97,24,35,4,43,142,64
127.91,23,35,10,43,114,70
126.13,19,39,11,37,115,53
98.4,30,40,4,28,85,68
120.29,33,45,21,21,65,107
99.05,39,43,11,33,69,85
112.35,43,45,16,29,70,98
109.99,39,40,6,71,94,72
92.69,28,38,10,34,80,63
106.69,35,35,11,29,95,57
123.13,43,36,9,36,107,83
108.19,32,35,10,40,92,85
88.38,22,33,3,37,77,56
110.02,20,37,3,53,96,68
104.38,23,36,10,42,89,80
84.17,17,42,6,26,72,61
85.36,19,40,10,29,76,42
84.71,16,44,4,35,75,41
108.3,16,42,6,41,96,60
140.43,18,48,6,59,125,74
105.4,11,47,1,46,95,41
58.02,6,39,1,17,50,34
53.49,8,39,1,11,45,41
59.29,15,37,1,14,51,39
49.14,11,41,1,13,33,40
56.56,13,37,3,21,48,40
64.7,13,44,3,23,55,45
71.67,11,34,1,22,63,42
69.53,10,37,1,11,62,31
58.3,13,34,1,19,51,31
65.64,9,33,1,20,58,36
67.32,16,36,1,32,59,37
78.02,15,33,6,23,67,57
97.69,23,39,9,27,84,71
84.25,22,37,7,37,72,61
108.35,26,36,6,40,92,87
129.7,25,43,11,37,116,68
106.3,22,46,3,44,95,51
88.07,17,41,3,30,78,47
104.29,8,44,4,47,94,42
97.64,11,44,3,49,87,42
100.6,14,43,1,38,89,56
82.73,24,61,1,37,69,63
95.34,14,51,3,44,84,50
135.31,15,100,4,31,117,47
112.03,13,84,7,40,96,46
100.47,8,44,4,36,91,39
63.44,5,37,1,24,56,26
48.34,8,38,1,11,41,25
48.34,11,41,0,11,36,30
51.89,13,38,1,11,44,34
68.78,11,37,1,10,61,36
67.23,16,36,3,19,59,38
80.28,15,38,0,29,72,34
90.66,16,49,6,34,80,45
87.84,15,40,3,33,79,37
75.68,13,44,4,34,65,50
73.69,27,49,13,21,61,61
69.9,14,61,6,13,40,42
68.71,22,58,13,22,47,49
68.73,14,46,3,31,58,50
69.43,11,50,1,30,59,42
78.34,7,51,3,31,68,38
84.08,14,47,3,31,74,42
99.95,10,87,4,28,66,45
100.03,20,87,11,21,65,47
79.75,13,67,3,38,63,45
77.22,6,49,4,53,66,33
81.55,11,50,7,33,71,42
83.89,10,58,1,39,72,44
83.43,7,64,4,39,71,35
85.78,7,74,1,32,63,29
79.48,13,64,3,39,67,32
98.42,7,61,3,48,86,35
92.67,7,64,1,44,80,36
50.08,6,43,1,20,36,23
59.86,8,44,1,22,51,33
72.65,7,47,4,31,63,36
76.43,14,64,11,32,63,39
54.86,5,48,3,19,34,25
62.96,8,46,3,53,45,31
53.44,5,47,6,16,31,26
53.49,6,46,1,13,36,34
57.61,10,47,6,20,48,38
57.15,7,46,3,19,48,34
61.25,6,46,3,25,52,34
75.65,9,64,4,19,57,50
78.99,14,67,11,20,57,53
115.27,16,101,16,22,66,67
93.68,14,80,20,22,64,62
95.18,14,49,11,27,81,72
88.85,14,50,7,53,77,51
80.38,8,51,6,33,70,37
77.27,5,61,3,31,66,22
87.87,8,74,1,35,70,50
99.7,8,84,6,44,81,49
103.73,6,77,3,51,89,24
116.84,8,101,1,51,84,26
83.15,8,71,3,36,64,28
87.48,8,74,3,37,72,32
133.11,8,119,6,39,76,27
124.2,8,108,6,42,88,34
84.5,7,71,1,40,71,35
79.89,6,67,3,42,63,49
112.94,8,100,7,38,66,41
75.26,5,58,1,30,64,37
56.68,5,49,3,15,40,25
77.5,6,67,3,25,57,26
92.24,7,80,4,28,60,50
106.92,11,93,3,56,63,62
143.11,19,126,3,35,82,74
121.55,16,108,4,32,59,64
166.08,13,150,11,23,62,81
172.84,8,159,6,26,69,55
134.7,8,122,9,32,64,44
85.69,5,74,1,42,60,24
61.45,5,44,3,26,53,21
70.41,6,46,3,33,61,34
77.4,5,64,3,41,65,31
83.78,7,71,4,40,66,35
83.8,5,71,4,44,66,28
73.52,6,58,9,61,58,34
85.05,13,74,9,25,45,53
108.95,11,97,3,20,52,58
117.81,11,105,4,20,54,63
131.8,13,119,3,18,51,64
192.53,11,177,6,40,76,61
194.35,9,177,3,53,91,42
112.04,6,97,7,44,82,17
85.51,6,67,3,39,73,18
68.12,5,43,1,24,60,18
72.68,5,45,3,26,64,25
75.11,8,46,1,30,66,27
158.43,8,74,1,34,145,23
91.18,8,67,1,30,79,23
135.39,8,122,1,33,75,16
170.56,9,156,3,39,80,20
170.37,9,154,4,46,89,25
135.24,6,119,6,39,91,23
126.65,8,112,1,43,79,24
153.1,9,136,3,42,92,45
151.65,8,136,4,40,85,35
165.75,9,151,3,38,80,32
111.58,8,97,4,43,77,34
118.1,9,105,6,33,69,37
132.85,9,119,4,54,67,44
158.64,9,143,1,45,84,30
141.45,8,126,1,48,82,29
138.52,8,122,1,49,90,20
211.46,9,195,1,50,89,21
194.66,8,177,1,54,95,27
134.63,9,119,0,44,85,25
105.87,8,93,0,38,69,23
114.48,8,101,1,41,72,23
110.14,8,97,1,21,76,23
136.21,9,122,1,23,83,21
110.98,8,97,1,32,79,18
87.63,8,64,0,49,75,21
75.37,9,49,1,24,66,27
87.26,10,74,4,37,71,26
122.95,15,108,6,46,77,37
142.33,9,126,1,52,84,47
157.82,9,143,1,44,79,29
119.9,8,105,1,38,83,19
130.89,8,115,3,49,85,25
145.67,9,129,3,53,89,23
142.62,8,126,6,51,89,25
94.91,9,80,3,47,79,25
106.38,9,93,1,44,71,17
129.54,9,115,1,42,79,20
166.28,9,151,1,40,85,17
151.78,9,136,1,48,85,22
147.39,8,133,0,47,76,24
165.89,8,151,0,46,79,29
194.88,10,177,1,51,96,36
145.18,9,105,6,51,126,32
169.81,10,100,3,62,151,24
93.92,8,80,4,44,74,21
134.67,8,122,1,39,67,25
133.43,8,119,0,50,75,26
133.57,8,119,0,45,78,23
114.53,8,100,0,60,73,21
77.3,7,61,0,31,66,23
155.55,6,143,0,32,69,24
184.7,7,172,1,40,67,25
84.51,6,50,1,48,74,24
92.97,6,80,1,41,69,22
78.14,6,64,0,42,66,16
66.99,6,47,0,30,58,16
77.76,7,67,0,27,59,21
69.52,6,43,0,31,61,20
88.64,6,77,0,33,63,21
78.9,6,67,1,53,58,21
68.71,6,54,9,55,57,26
104.46,8,93,9,40,56,40
160.02,10,147,7,40,64,47
140.45,7,126,1,49,75,30
130.18,7,115,6,48,80,29
139.09,6,126,3,38,70,27
103.73,6,90,7,59,66,34
157.02,8,143,4,41,73,41
193.16,8,179,4,51,71,38
219.43,13,205,4,53,72,34
186.62,7,172,3,53,74,35
116.86,7,101,6,51,83,33
121.74,9,108,3,29,75,34
96.38,7,84,4,34,66,30
101.91,6,61,9,89,58,31
88.42,6,77,3,31,62,21
125.3,6,112,4,59,65,22
168.04,6,154,3,45,74,27
181.36,7,166,1,48,83,18
168.09,7,154,4,39,76,28
106.64,7,93,7,55,66,39
102.48,6,90,7,45,63,29
73.35,6,51,3,41,63,25
81.18,6,58,6,34,70,30
75.36,9,48,10,59,63,41
78.65,9,67,13,25,60,36
137.35,8,126,3,29,61,28
126.08,8,112,6,55,69,38
78.42,7,61,4,35,67,17
83.14,7,71,3,33,66,21
73.99,6,58,6,51,62,28
68.94,6,49,4,37,59,29
98.36,5,87,6,29,62,22
107.55,5,97,4,24,59,18
72.24,7,61,3,31,59,32
90.52,8,77,9,33,71,39
101.14,10,87,10,62,66,42
92.73,10,80,14,35,62,47
175.57,9,161,6,44,73,50
216.89,8,203,4,43,72,37
174.94,8,161,1,38,75,31
142.6,5,129,3,38,75,16
133.4,5,119,4,53,71,48
125.57,6,112,6,44,71,27
103.34,6,90,4,41,71,24
133.27,6,119,4,45,74,38
171.15,8,156,7,44,80,36
156.76,9,143,6,31,74,36
83.59,7,48,6,55,72,37
76.08,9,50,9,28,66,35
113.32,11,100,7,34,67,46
135.64,10,122,4,35,68,50
141.22,11,126,10,40,77,51
187.3,10,172,4,38,80,46
179.02,10,164,9,52,75,44
128.91,11,112,6,39,84,65
201.89,9,187,7,42,73,57
114.89,13,101,4,32,70,49
69.8,5,39,4,27,62,23
74.46,6,51,3,24,65,23
82.33,6,61,3,31,71,24
85.23,6,74,1,25,63,20
89.43,9,77,6,32,65,36
110.7,10,97,4,33,70,46
74.62,10,54,10,31,63,52
72.14,11,38,6,45,59,60
65.73,7,48,4,51,55,25
72.33,6,50,3,24,63,24
74.3,5,50,1,22,65,25
72.49,8,61,3,30,60,34
102.83,11,90,4,26,67,40
100.88,10,87,3,35,72,43
83.23,10,71,4,42,57,52
114.31,17,101,7,20,55,65
126.88,19,112,7,24,63,72
202.88,13,190,1,23,66,45
157.08,15,143,6,31,68,58
142.66,15,129,4,31,67,53
140.25,13,126,3,56,68,48
85.16,7,71,0,37,72,26
120.33,7,105,1,43,83,29
127.69,8,112,3,44,84,35
164.22,9,147,1,44,95,29
106.13,11,71,1,45,92,47
98.4,7,74,1,51,84,30
67.34,7,42,3,26,59,27
86.16,10,74,1,35,64,30
102.42,10,90,1,36,65,33
105.26,9,93,1,38,63,36
92.32,13,80,3,34,65,29
85.14,9,61,1,44,73,30
84.57,8,49,7,43,74,42
90.88,15,77,3,40,67,54
117.46,23,100,1,37,85,70
101.23,26,84,3,34,81,77
70.81,14,50,4,27,60,49
64.75,11,47,1,31,55,37
72.68,11,51,4,36,62,41
76.51,16,61,4,40,64,44
97.22,20,84,7,30,61,60
84.6,16,71,6,41,65,53
74.27,10,39,1,28,66,33
61.21,7,44,1,8,53,26
106.31,9,44,1,11,58,95
57.6,15,41,3,16,48,46
74.69,19,44,10,18,51,64
99.66,25,38,17,12,72,86
85.84,16,36,9,19,75,55
68.69,19,47,3,34,55,57
96.41,30,49,3,19,73,82
112.21,20,97,1,35,79,45
99.91,7,54,0,41,89,31
70.47,7,42,1,21,62,32
60.84,5,43,0,22,52,37
68,15,40,6,32,59,40
77.79,9,42,1,30,69,34
72.99,18,44,1,26,64,30
74.16,10,48,1,30,64,43
57.98,14,43,1,17,38,49
55.69,18,33,0,19,42,47
66.05,23,43,3,33,56,45
66.59,14,38,1,25,57,46
56.42,11,39,0,20,48,39
73.69,17,37,1,63,51,39
64.82,19,43,1,19,55,46
76.46,23,42,1,22,43,67
63.16,24,36,1,36,41,54
100.87,30,36,1,33,72,87
68.3,27,44,1,25,58,47
101.65,42,42,3,24,91,48
80.27,32,54,1,21,69,42
61.39,7,38,6,12,54,25
102.05,19,26,0,26,94,39
110.77,19,23,4,10,40,103
34.04,8,19,0,9,29,25
55.01,9,34,0,19,48,27
80.01,17,27,3,30,71,44
74.9,19,34,1,28,67,35
64.9,14,36,6,23,57,34
67.31,13,35,3,16,53,57
72.92,22,39,1,16,63,48
98.88,23,28,4,24,89,50
93.95,18,42,1,29,85,34
51.09,9,44,0,8,33,34
66.18,14,40,0,15,58,32
70.19,18,39,6,11,62,34
78.64,26,31,1,13,70,42
69.45,9,22,0,16,62,39
51.07,10,37,1,8,43,39
80.01,19,32,1,16,72,38
85.96,25,30,1,36,76,47
96.27,24,33,1,29,88,37
122.44,19,33,6,25,114,39
113.92,28,31,9,16,103,56
82.82,27,34,10,29,70,66
74.09,28,36,4,12,65,43
84.6,14,43,1,18,76,30
49.56,28,39,4,8,39,41
61.7,19,41,10,11,53,37
88.71,24,37,6,16,80,40
105.87,22,36,1,16,97,42
81.31,17,41,1,23,72,43
98.31,16,40,3,33,89,42
164.5,28,35,3,23,156,38
113.57,20,35,0,21,105,40
115.21,23,37,4,28,106,42
116.8,25,40,3,26,107,45
67.3,15,37,4,23,57,51
74.56,19,36,6,63,52,52
69.93,22,33,4,20,59,56
87.92,28,25,6,28,77,56
117.19,20,25,4,39,105,62
131.62,19,18,3,31,123,42
83.38,13,35,3,22,76,28
113.35,15,31,3,51,103,35
123.06,16,38,3,33,114,41
79.97,24,36,4,15,70,49
55.04,18,35,3,15,46,44
63.14,17,31,7,14,54,46
92.34,30,39,10,12,80,63
115.61,23,35,10,37,105,50
123.79,38,39,7,33,110,69
165.21,20,31,4,55,153,56
171.79,14,41,4,60,159,53
93.54,23,38,6,16,83,52
62.92,19,39,9,15,53,48
83.83,32,42,10,43,72,54
96.21,30,41,20,11,47,86
58.95,18,31,3,13,50,45
59.41,10,33,7,12,52,35
64.6,14,38,3,12,56,41
72.88,14,32,3,11,64,45
85.6,14,29,3,22,78,36
77.46,17,40,9,19,69,33
81.77,19,38,6,14,73,41
99.17,27,40,10,19,87,61
133.98,22,41,1,34,120,72
170.45,22,48,0,54,156,69
164.26,18,49,7,61,149,72
152.99,16,44,4,44,141,57
107.31,15,30,11,31,98,45
79.32,13,33,1,15,72,34
56.44,10,40,6,19,48,36
70.47,16,42,4,18,60,51
66.73,23,44,6,38,55,55
60.7,18,46,3,13,43,51
67.19,15,48,1,19,56,54
69.6,19,58,6,18,55,51
105.87,18,93,4,21,65,46
117.69,15,90,4,35,101,43
122.95,8,64,3,48,110,38
138.75,13,50,7,54,127,41
166.51,9,71,4,56,152,42
141.23,8,49,0,52,130,41
89.65,13,47,0,27,80,36
68.02,6,42,1,12,60,27
58.69,9,37,0,18,50,42
51.72,14,43,1,14,41,40
69.21,14,40,4,22,60,43
80.79,16,45,3,27,71,43
74.76,10,41,1,30,66,36
49.56,6,42,1,9,40,25
54.89,6,38,0,6,48,19
64.26,9,42,1,6,56,33
62.47,10,42,6,8,54,35
59.77,13,47,4,11,50,44
64.03,14,48,6,12,45,54
64.58,14,46,3,16,51,54
71.83,23,54,6,33,60,51
83.36,17,71,3,22,63,42
105.42,10,74,1,45,91,43
136.26,14,115,3,30,114,65
96,14,46,3,32,83,65
71.86,15,49,3,19,58,60
73.21,27,50,4,44,55,61
94.39,14,84,4,16,45,50
103.67,14,93,6,14,48,51
112.68,19,100,13,21,55,60
99.52,13,87,4,26,61,51
83.44,7,48,1,31,74,27
137.42,8,64,3,34,125,39
128.98,8,80,3,43,114,32
116.64,7,100,1,44,91,32
85.82,5,64,3,33,74,22
67.03,7,46,1,24,58,30
60.71,8,47,1,27,51,39
71.45,9,54,4,34,60,49
73.8,16,58,6,16,48,62
101.44,11,90,4,19,55,51
88.54,14,77,4,26,56,46
91.99,11,80,4,29,62,37
127.3,11,112,6,40,82,36
112.01,11,97,3,49,77,38
90.83,8,77,3,41,73,32
92.85,8,80,3,38,63,49
96.49,9,80,1,55,80,64
154.55,18,112,9,25,134,56
98.53,9,87,1,27,62,30
66.96,6,58,1,24,43,38
54.69,7,46,1,17,38,42
58.25,9,49,1,13,38,46
84.71,11,74,9,20,51,47
117.01,10,105,6,25,62,39
124.08,9,112,11,26,62,39
146.75,7,136,4,30,57,26
126.69,8,112,4,37,78,41
90.71,5,71,3,39,77,43
97.63,9,84,1,47,63,61
96.17,17,84,4,37,50,57
114.75,15,100,1,32,54,74
141.27,10,129,3,44,60,42
166.56,9,150,7,49,88,33
132.29,7,119,3,38,70,36
72.32,6,61,0,31,61,25
71.88,7,61,1,35,56,29
66.59,9,51,1,25,56,45
60.26,7,44,0,21,51,42
59.05,8,48,0,22,50,25
87.24,8,77,1,21,55,28
119.97,14,108,4,25,57,52
125.42,15,112,9,19,55,66
133.11,11,119,1,19,66,68
143.43,10,90,1,61,125,70
91.43,11,77,0,23,74,53
85.3,11,54,3,25,74,49
89.49,6,77,0,35,68,21
69.33,6,51,0,28,59,40
78.94,6,49,0,26,69,39
63.84,6,49,0,26,54,37
65.16,5,51,0,23,55,39
58.68,6,44,1,15,50,33
73.9,7,51,7,30,64,27
109.25,11,97,0,31,66,29
99.82,9,87,0,32,66,42
120.22,7,108,1,31,63,40
109.04,6,97,0,31,63,37
57.6,5,49,0,15,41,41
68.44,8,58,0,9,46,52
86.74,8,77,0,19,53,25
103.34,7,93,0,22,58,20
91.05,6,64,0,29,79,35
87.21,7,77,0,21,54,31
82.7,7,71,0,23,63,33
71.19,5,58,0,17,60,41
61.78,5,44,0,14,53,36
63.77,6,54,0,15,54,25
81.78,6,71,0,23,60,24
96.17,6,84,0,29,68,20
106.72,5,93,0,31,72,44
138.27,5,119,0,31,68,101
156.42,6,143,0,39,71,35
175.59,6,159,0,46,89,41
190.06,7,172,0,51,99,26
169.14,5,154,0,39,85,17
114.96,6,100,0,37,80,42
111.62,6,100,0,25,63,31
78.48,5,67,0,26,64,24
75.14,5,58,0,27,64,36
116.98,5,105,0,34,64,29
133.48,5,122,0,24,63,29
151.49,6,140,0,27,64,21
139.8,9,126,0,36,70,48
73.05,9,58,0,36,61,49
83.26,5,71,0,28,67,31
116.36,6,105,0,27,62,28
98.48,6,84,0,33,81,28
138.24,5,126,0,23,71,17
141.49,5,129,0,28,71,17
168.35,7,154,0,38,77,38
190.41,8,174,0,51,86,40
212.39,7,192,9,51,111,47
191.91,9,174,0,44,96,49
206.32,10,190,1,43,84,53
217.81,9,203,9,17,80,44
167.05,6,154,1,11,77,23
200.72,8,187,3,14,76,37
192.47,7,177,1,74,70,36
209.12,9,195,1,47,72,39
193.36,9,179,1,53,72,36
154.5,9,140,0,50,74,36
124.93,8,112,1,37,69,28
178.78,10,166,3,31,70,25
136.95,9,122,3,70,70,37
175.04,9,161,6,40,71,47
114.15,8,101,6,39,66,45
155.37,6,143,1,32,66,34
109.77,8,97,3,29,71,24
129.05,7,101,3,47,111,19
183.68,6,84,1,73,167,15
100.82,7,87,0,35,75,34
122.81,7,108,0,37,82,26
78.27,6,61,0,30,67,25
69.89,6,39,0,26,62,28
67.11,6,54,1,19,57,30
90.63,6,80,0,27,58,23
84.82,7,74,3,20,61,22
88.92,7,77,3,25,65,30
76.48,6,54,1,30,66,33
117.82,6,105,1,33,70,27
132.44,7,119,3,39,72,26
131.51,7,119,3,55,59,37
70.84,8,38,1,21,63,31
67.06,8,49,1,17,58,24
62.05,7,41,3,19,54,27
80.73,9,71,3,21,52,26
95.2,6,46,0,85,48,29
68.54,7,58,3,21,58,25
102.1,7,90,4,31,64,34
110.99,8,100,3,25,60,26
100.65,6,90,3,25,58,26
123.36,5,112,1,35,60,25
190.33,6,177,4,44,69,31
165.33,6,151,4,54,71,41
126.66,6,112,10,49,75,35
128.59,6,115,4,47,70,29
147.02,6,133,1,44,75,22
146.11,6,133,1,36,72,19
139.63,7,126,3,43,71,33
139.27,7,126,3,60,62,40
116.96,7,105,4,34,59,45
89.96,8,77,3,43,66,36
99.36,6,87,1,40,65,24
137.85,5,126,1,38,62,27
133.4,6,122,1,31,62,21
119.84,6,108,1,42,59,38
127.69,6,115,1,38,66,38
131.49,8,119,7,55,57,48
138.94,10,126,6,39,62,52
117.81,9,105,7,33,64,46
155.59,8,143,6,31,64,43
191.92,8,177,14,38,79,39
144.54,7,129,0,47,83,30
170.55,6,156,1,45,77,31
165.66,6,150,0,47,83,37
179.69,6,164,1,51,83,28
185.26,6,169,1,52,87,24
177.56,6,161,1,52,89,24
165.12,7,151,1,43,76,21
165.8,8,151,4,44,78,35
99.61,8,84,3,47,81,46
159.66,13,143,7,45,88,44
166.16,10,151,11,42,73,61
157.65,9,143,9,56,70,54
141.43,8,129,7,35,64,38
90.3,6,80,1,32,55,16
105.86,6,93,3,43,66,33
138,5,126,1,44,61,27
162.1,5,150,7,41,62,28
108.89,5,97,3,32,64,28
133.15,6,122,1,30,60,26
133.66,6,122,1,32,63,24
117.43,11,105,4,31,65,36
78.33,8,67,4,24,57,42
69.8,10,58,6,27,56,52
91.06,15,77,6,60,63,61
167.68,8,154,4,41,71,39
146.94,10,133,11,36,66,60
76.35,10,64,4,33,63,40
78,6,67,6,26,60,26
71.07,8,39,3,24,63,31
54.01,5,24,1,15,49,20
77.66,7,50,3,17,68,33
74.78,9,64,3,31,55,34
141.02,13,129,6,30,60,42
192.69,13,179,4,32,68,51
154.59,10,143,11,21,60,37
142.25,13,129,4,40,67,42
161.96,10,147,3,40,81,29
176.78,9,161,4,48,82,43
184.66,13,169,7,49,79,50
150.63,10,136,3,45,74,48
168.19,9,154,3,34,74,44
141.92,9,129,7,31,70,31
139.49,9,126,3,34,70,42
117.36,8,105,3,31,64,39
153.45,9,140,7,40,65,53
83.74,11,71,7,40,64,41
66.72,8,54,6,30,56,36
126.49,9,115,1,31,61,30
66.67,5,58,1,18,47,23
64.69,9,54,0,13,53,46
66.37,11,50,1,22,56,44
84.26,11,71,6,29,69,41
124.63,16,108,7,27,80,74
119.46,18,101,9,38,63,94
103.85,17,93,1,15,52,48
133.59,15,122,6,19,56,49
126.5,13,112,4,25,61,71
134.85,8,122,4,25,64,51
75.41,11,48,4,30,65,47
67.18,6,39,3,29,59,32
72.84,6,33,1,35,64,42
71.38,7,48,1,31,62,24
64.54,7,45,1,24,56,22
65.65,10,48,1,22,56,36
66.72,10,46,4,24,57,42
65.32,13,48,6,30,55,44
72.81,10,61,1,35,60,38
80.15,10,50,3,31,69,52
69.48,16,58,1,40,54,45
70.66,20,44,4,21,61,44
111.86,19,97,6,26,62,72
88.12,18,51,9,52,74,67
85.98,17,61,1,34,72,66
54.81,9,46,4,22,40,41
61.45,15,43,3,36,39,52
65.2,24,54,7,20,52,49
119.98,18,108,13,27,60,39
69.25,10,50,3,31,59,38
53.94,10,44,4,10,45,38
50.52,10,42,1,8,42,37
58.09,10,43,3,13,49,43
62.21,20,43,9,11,52,49
60.69,25,44,4,10,51,45
66.58,20,51,4,27,56,39
68.64,17,47,1,17,59,38
59.62,10,47,10,16,50,39
56.89,11,42,3,12,42,48
63.7,11,45,4,22,45,54
73.32,23,42,7,22,55,62
82.99,31,44,3,32,72,50
74.09,27,54,3,16,63,42
47.33,7,40,3,13,30,36
65.33,18,39,6,23,55,50
78.96,23,40,16,17,60,67
84.73,24,36,19,17,66,72
86.5,28,38,3,45,66,73
75.76,33,41,3,16,58,64
57.33,26,43,6,15,40,48
72.3,20,50,9,18,53,61
70.52,23,49,3,19,60,46
61.04,8,43,0,14,52,43
73.89,14,41,1,20,65,41
68.33,15,39,3,10,60,39
65.16,14,36,1,11,57,39
59.43,13,41,1,18,50,45
72.98,17,39,3,28,54,62
86.42,22,39,52,31,68,72
74.87,22,36,11,44,56,63
71.96,19,32,9,32,55,61
73.29,18,40,3,25,62,56
74.11,22,38,1,23,65,42
70.3,18,37,1,24,61,44
78.64,32,39,7,34,62,66
85.16,28,39,7,54,71,67
103.47,34,31,4,33,88,83
88.55,26,41,1,41,76,61
55.72,8,41,3,19,40,47
46.54,9,39,3,9,35,36
59.06,16,39,1,14,51,32
45.82,6,38,3,16,37,36
62.11,16,37,1,9,45,53
68.25,25,32,3,16,58,52
77.35,19,29,4,19,67,54
78,23,31,4,20,67,57
90.39,32,36,17,16,81,43
80.71,15,36,4,16,73,33
85.14,20,34,4,20,76,44
75.26,16,37,3,18,67,38
63.1,20,39,3,21,54,42
66.95,18,38,3,18,58,42
59.37,10,39,3,7,52,23
66.65,22,38,4,26,57,45
82.15,26,37,1,11,74,37
76.45,30,32,1,17,67,46
74.2,22,34,4,16,63,58
94.11,27,32,6,18,83,57
94.45,23,39,3,18,84,51
110.3,9,40,6,38,101,42
89.09,24,37,4,21,80,42
109.32,34,40,3,23,100,41
73.77,13,38,1,20,64,48
61.55,13,40,3,13,53,40
70,13,43,1,9,61,42
66.31,10,41,3,14,57,45
67.54,13,40,4,12,59,40
82.73,24,33,1,17,75,35
82.58,10,37,0,19,75,29
83.47,20,37,1,13,73,53
70.3,22,35,1,15,60,52
83.07,28,36,4,41,71,58
84.19,22,39,1,32,75,41
79.89,18,41,1,31,71,35
89.08,14,37,3,31,81,32
108.39,22,35,3,31,100,37
79.45,11,33,1,33,72,31
72.83,14,27,0,25,65,38
80.56,9,29,1,11,73,38
63.01,15,33,3,14,54,45
77.58,22,25,1,19,68,50
74.56,16,39,1,24,66,38
71.55,20,41,3,16,63,33
72.14,20,39,1,40,61,53
80.57,27,42,7,13,64,68
73.06,22,33,4,19,57,62
84.11,26,39,7,21,72,61
82.91,28,37,6,32,72,52
73.88,17,36,0,27,66,32
45.94,6,40,1,22,29,18
54.25,10,38,0,10,23,47
61.11,15,37,3,9,45,52
66.42,15,38,4,19,52,56
68.62,18,40,1,15,58,53
78.21,26,42,1,14,62,66
66.41,28,43,1,37,55,53
76.55,30,48,4,13,65,55
101.97,44,44,4,15,77,87
72.2,24,40,3,17,49,62
81.13,23,38,11,23,68,68
98.84,33,41,14,22,84,77
107.61,40,80,14,51,90,73
128.82,19,77,3,33,113,64
108.72,18,58,7,17,95,67
95.44,36,49,13,22,78,80
75.69,17,58,7,19,60,63
65.16,14,40,3,25,55,49
52.35,8,44,1,24,37,39
64.36,18,43,3,21,55,42
69.45,19,45,4,24,60,36
86.27,23,61,4,26,74,42
81.31,18,50,7,19,69,60
80.04,24,44,6,20,66,67
65.66,15,49,4,41,43,55
80.48,17,67,3,23,61,64
83.19,24,58,10,28,70,61
106,14,90,4,34,84,48
133.11,16,115,4,38,101,35
125.17,10,84,4,39,109,51
151.73,13,90,3,52,134,58
139.06,13,74,7,44,124,55
96.91,13,49,6,48,86,42
95.18,11,47,3,42,85,39
70.82,9,36,3,33,63,28
53.4,7,45,1,15,45,24
51.7,7,44,1,25,33,36
52.95,13,44,4,10,43,40
63.03,11,43,4,21,53,48
71.44,17,38,3,21,62,45
53.51,10,43,3,19,45,29
58.28,10,42,1,16,50,29
62.34,10,43,1,19,54,26
51.31,7,43,3,17,40,36
63.83,15,46,3,25,54,42
90.68,20,77,7,23,57,66
113.26,16,100,6,29,67,45
101.5,8,77,3,42,87,33
118.56,8,101,1,46,97,27
130.6,11,97,3,46,113,25
89.87,8,44,3,30,81,29
65.53,11,46,3,24,56,38
61.11,17,44,1,18,51,48
72.21,18,47,4,18,61,54
69.05,15,58,4,33,53,42
100.52,9,87,3,28,75,30
122.56,8,108,1,39,80,22
68.09,7,45,1,27,59,33
54.06,11,43,1,14,45,42
61.1,9,45,1,18,52,36
60.04,14,46,6,35,50,42
73.88,10,48,3,30,64,37
114.38,10,101,4,32,71,37
98.82,9,87,6,19,63,35
75.55,10,64,6,22,57,46
117.55,10,105,13,27,62,47
87.74,14,74,7,52,64,55
77.26,10,47,0,38,67,45
75.34,8,38,1,37,67,31
60.63,9,33,1,12,54,25
56.97,9,41,4,15,49,26
62.93,10,45,3,15,54,33
63.82,11,51,4,23,54,29
68.43,7,48,0,27,59,31
83.8,9,71,19,44,63,34
65.46,9,50,1,36,55,41
72.6,18,61,7,21,57,44
108,17,97,3,19,55,40
120.57,18,108,3,29,59,55
128.31,18,115,4,23,63,60
121.57,15,108,9,19,64,64
122.18,11,112,4,31,45,47
58.64,7,50,3,31,42,31
75.28,7,67,3,23,41,30
87.02,7,77,3,28,53,25
74.84,6,50,1,47,64,43
74.77,8,64,1,30,54,38
77.06,9,64,1,31,65,33
63.68,6,50,0,28,54,30
68.86,7,58,1,29,58,28
64.31,6,51,1,23,55,19
91.61,7,80,0,29,64,21
79.8,8,67,1,39,66,39
97.01,8,84,4,38,67,40
90.37,7,77,0,39,67,48
50.26,6,41,1,19,42,32
51.08,8,44,0,11,35,29
53.42,10,46,1,13,38,25
50.7,7,44,0,13,34,24
59.77,8,50,1,20,49,37
88,7,77,1,25,58,33
113.6,7,101,1,35,65,40
119.96,7,105,4,71,69,34
130.87,6,115,7,38,87,36
90.28,6,77,1,29,76,15
60.11,5,45,1,19,52,15
68.33,5,49,3,25,59,27
75.19,5,64,1,34,57,37
74.75,6,58,1,36,63,44
87.42,5,74,1,38,73,23
64.34,5,54,0,34,54,22
55.84,6,48,1,18,41,24
56.03,6,48,3,19,43,21
56.99,7,49,3,21,40,28
55.61,6,44,3,23,47,28
49.48,6,42,0,18,38,26
62.14,7,46,1,22,53,33
98.13,6,87,3,34,58,29
121.57,5,108,1,38,74,23
100.22,5,90,1,29,56,13
111.13,6,101,1,26,56,15
114.24,6,100,0,35,79,26
115.13,6,100,3,40,82,34
206.36,7,190,3,42,88,43
185.01,7,166,11,47,103,46
225.64,8,209,6,38,92,36
151.78,6,140,3,31,64,24
120.35,6,108,3,30,68,25
96.6,5,84,3,31,68,33
177.89,5,164,4,38,75,30
147.76,6,133,4,43,79,30
118.1,6,105,3,38,71,20
63.45,9,50,0,29,54,16
56.69,5,49,1,17,43,14
69.75,5,61,0,25,44,31
113.29,6,97,0,37,92,26
82.63,5,71,1,34,62,26
110.77,8,97,1,36,74,35
187.96,10,169,10,55,99,53
133.05,9,119,9,29,74,42
154.67,9,143,4,20,59,44
142.89,14,126,11,30,78,80
141.21,6,126,4,49,80,30
132.97,7,119,16,47,71,29
166.8,6,151,7,48,84,30
137.44,6,122,4,47,83,24
203.4,6,187,6,46,90,21
210.1,7,195,9,44,81,25
194.48,8,177,13,52,92,37
151,7,133,13,51,96,36
225.52,7,210,6,52,80,36
182.72,6,166,3,50,89,36
121.13,5,105,1,48,88,21
134.43,5,122,1,33,69,16
96.09,5,84,3,27,69,13
104.41,5,90,4,42,79,16
150.83,5,129,1,58,122,26
148.75,3,136,4,35,69,27
139.59,3,126,3,38,74,25
140.11,5,126,4,41,76,26
145.88,5,133,4,37,69,27
100.11,5,87,3,40,70,24
121.81,3,108,1,45,73,27
148.28,3,133,1,47,82,28
169.18,5,156,3,48,67,30
169.13,5,156,3,46,66,40
140.2,5,126,6,44,75,29
156.43,5,143,4,44,71,22
144.98,3,133,4,31,66,21
127.54,5,115,3,33,67,34
126.88,6,115,4,36,60,40
118.4,8,105,10,31,67,49
119.92,8,105,24,33,74,52
183.46,9,169,13,43,69,58
232.39,9,182,3,60,201,44
175.29,15,93,3,87,156,33
151.8,17,90,11,65,134,30
145.93,8,133,9,40,67,31
124.84,10,112,7,42,65,36
185.45,6,172,1,44,70,31
221.16,7,206,7,55,76,40
141.42,5,122,4,95,91,24
113.67,5,101,3,52,64,17
117.11,6,105,4,32,65,30
130.59,5,119,4,34,61,30
134.22,5,122,3,36,65,27
160.81,6,147,3,37,75,28
151.43,5,136,6,44,82,38
152.95,5,140,3,35,71,21
149.23,5,136,1,34,74,16
171.83,5,156,1,41,87,31
143.82,5,129,3,37,82,27
132.89,5,119,4,41,74,30
142.54,5,129,3,38,71,40
89.48,5,77,3,35,66,35
148.06,5,136,4,30,66,26
184.29,6,172,3,32,65,35
124.88,8,112,9,31,65,45
110.43,8,97,7,55,63,50
128.74,9,115,9,31,68,53
97.25,9,84,13,40,67,41
113.72,6,100,0,35,74,36
80.8,6,51,3,30,71,25
89.62,6,77,7,31,69,26
88.71,7,58,4,43,77,34
136.36,8,122,3,41,75,42
143.66,8,129,3,44,77,36
155.1,7,140,1,44,81,30
111.68,5,97,0,38,82,19
122.64,5,108,1,38,81,24
140.05,6,126,4,35,78,22
177.06,9,161,3,47,84,45
203.18,8,187,3,51,84,42
166.7,7,151,6,51,81,40
94.39,9,80,1,51,73,35
98.76,5,84,1,46,79,25
99.02,3,87,3,32,67,14
73.16,3,49,1,28,64,17
82.17,5,67,1,33,70,18
106.68,7,93,1,44,71,34
144.16,7,129,1,45,80,38
111.84,5,97,3,38,81,33
102.02,5,87,1,43,80,38
122.25,8,108,3,37,77,33
80.81,6,64,3,30,69,28
83.13,5,46,3,32,74,25
63.76,5,43,1,20,55,36
85.4,9,74,3,22,59,38
96.66,11,84,7,36,65,38
125.47,8,112,7,42,68,44
140.06,8,126,4,40,74,38
161.25,11,147,4,27,75,44
86.34,10,64,10,37,73,54
83.62,16,71,3,36,62,45
95.96,11,84,3,33,60,41
89.83,5,44,1,77,66,31
74.18,8,46,6,44,64,43
93.57,18,80,17,27,65,55
124.61,15,112,9,36,60,50
76.88,16,64,3,24,55,62
77.03,14,64,6,52,59,56
89.2,8,77,6,34,61,43
110.24,13,97,7,28,61,62
84.22,10,71,20,26,64,52
77.18,10,51,1,31,67,34
86.41,9,74,1,30,68,26
72.6,10,47,1,48,62,42
70.63,9,54,3,31,60,34
73.03,9,61,1,42,59,43
93.24,14,80,6,35,62,58
92.86,20,77,7,27,75,72
119.93,20,105,9,22,71,67
119.76,19,108,10,29,57,43
74.71,15,46,4,26,57,63
73.41,8,44,1,32,64,40
82.71,7,45,3,37,73,41
90.44,11,74,3,42,76,45
97.15,8,77,4,50,82,45
75.65,6,43,3,31,67,25
62.27,5,36,0,53,47,16
58.77,5,42,0,16,50,41
73.05,10,45,3,31,53,62
94.47,22,47,9,27,67,81
82.63,25,51,6,21,54,71
84.07,23,64,9,41,62,70
89.7,22,77,4,26,62,48
71.22,13,40,1,20,63,31
75.49,8,33,0,19,67,42
69.19,10,43,4,25,60,40
71.15,11,44,6,31,61,47
78.86,13,42,6,45,63,66
56.78,7,28,1,24,48,45
58.41,10,30,1,15,51,36
60.83,8,27,1,13,55,27
60.43,7,37,1,14,52,41
67.15,8,39,1,24,59,33
77.54,20,44,3,33,55,66
92.83,28,43,11,43,61,80
78.57,24,37,4,25,67,58
89.72,15,61,20,26,77,50
92.32,11,58,4,28,81,36
94.99,14,48,9,31,82,64
109.93,24,47,11,52,72,95
76.92,25,44,6,23,58,65
83.74,16,44,7,30,57,72
80.6,24,46,13,27,61,68
77.25,19,46,7,35,66,52
86.48,19,74,14,28,60,48
87.84,25,58,11,49,69,73
98.86,19,50,7,38,86,61
86.61,18,46,1,54,75,42
86.69,13,44,1,31,64,74
64.3,16,36,9,22,51,54
79.3,23,40,16,24,69,48
70.28,19,36,1,27,62,37
59.48,8,36,0,11,51,42
64.28,11,38,6,15,54,52
81.78,20,39,4,22,71,53
73.65,13,42,1,19,64,46
89.27,18,38,14,21,80,43
96.21,27,41,3,22,87,41
57.03,10,39,13,11,49,32
67.68,13,38,3,17,59,41
66.23,15,37,3,20,56,51
68,16,32,3,20,58,51
78.97,18,34,3,19,69,50
77.44,24,44,3,50,65,57
78.42,33,41,4,21,67,55
99.42,41,36,7,19,89,48
90.56,26,37,3,28,81,44
76.54,17,41,1,32,66,50
85.26,19,37,1,31,74,56
82.45,25,37,6,38,71,55
88.13,16,27,7,43,78,47
124.26,13,26,3,38,116,35
104.53,8,28,1,36,97,28
91.42,7,35,1,26,83,40
105.36,10,31,4,48,95,46
148.31,23,28,9,55,135,63
117.69,19,25,11,40,106,58
45.05,8,39,3,18,28,26
63.24,16,39,4,9,55,37
69.58,28,44,1,13,60,43
81.89,35,44,3,13,58,70
89.57,17,40,3,61,45,77
72.15,16,33,3,20,45,63
56.54,13,32,1,11,48,43
70.18,15,36,1,11,62,39
52.54,8,40,1,6,45,25
82.61,17,36,3,7,75,34
72.98,19,37,1,22,64,42
59.21,17,37,3,12,45,50
70.04,16,35,4,19,59,57
70.77,16,35,3,21,55,60
59.63,18,34,3,17,50,48
69,10,34,0,15,62,28
152.71,27,34,1,28,145,30
66.61,10,36,1,10,59,36
76.4,17,32,3,9,66,55
81.47,20,31,4,14,72,48
50.22,8,29,1,10,43,36
58.03,10,37,6,31,49,42
79.07,27,31,1,26,70,43
91.35,39,32,3,14,82,43
63.04,15,31,1,9,55,40
64.5,14,33,1,13,56,42
61.34,6,39,1,13,53,40
55.57,9,32,3,3,48,38
71.01,20,35,4,21,60,56
80.66,20,38,14,8,72,40
74.41,17,36,1,8,67,30
81.81,13,40,1,17,72,48
78.32,23,36,4,16,67,58
78.51,18,37,3,11,69,47
63.06,7,41,0,26,53,49
48.83,8,41,1,3,38,38
52.37,8,41,1,5,44,39
58.63,8,40,1,3,51,28
64.47,10,43,1,3,47,55
72.21,14,34,1,6,62,54
75.97,18,39,3,24,64,61
80.95,22,40,1,10,69,62
76.81,22,44,1,8,65,60
85.87,32,46,4,12,75,51
77.1,40,45,3,11,66,52
88.77,30,43,7,20,57,77
89.49,30,40,9,41,75,73
82.44,23,46,6,26,71,54
83.66,14,39,7,23,74,46
72.39,10,31,0,17,64,42
60.8,10,39,1,12,53,30
72.4,7,32,1,21,66,20
51.53,8,32,0,6,45,29
47.23,9,24,0,10,41,31
55.92,9,27,9,10,49,34
60.3,14,31,3,22,52,40
64.24,10,32,1,24,57,33
56.66,10,38,0,13,49,30
63.83,18,41,4,24,55,36
67.43,22,39,7,11,58,45
68.09,11,39,3,22,59,43
80.93,13,44,3,17,70,54
72.56,15,43,1,35,61,56
56.16,6,49,3,13,35,30
51.66,7,46,0,11,27,25
53.55,9,39,1,13,46,25
58.4,6,35,0,14,51,35
65.46,11,33,1,19,56,48
56.58,8,42,6,13,36,48
58.68,7,45,3,8,32,50
73.95,11,46,3,30,52,63
69.27,18,44,3,19,60,38
52.46,7,43,1,8,44,34
56.32,7,41,1,11,36,48
67.9,11,48,3,15,53,57
71.7,18,46,6,14,58,60
77.56,16,45,3,43,54,66
66.53,18,49,9,19,47,56
71.31,17,50,3,17,61,42
53,6,45,1,16,43,22
56.8,8,44,3,13,35,48
62.27,11,44,7,14,52,50
74.31,19,47,3,35,59,62
91.89,18,77,14,22,66,71
118.92,19,101,4,30,71,89
114.82,15,101,4,29,71,45
117.37,11,101,9,23,91,39
142.07,16,84,10,30,125,69
121.74,15,97,11,49,102,76
96.32,14,54,11,29,82,71
82.46,13,48,10,35,72,44
102.72,15,64,20,36,89,57
114.62,7,74,6,34,101,31
90.59,8,64,3,26,79,25
70.58,5,41,3,30,62,34
60.07,6,25,1,17,54,29
62.4,5,43,1,12,54,32
55.34,6,47,1,18,37,40
65.46,9,47,6,21,56,35
53.53,7,44,1,19,45,28
65.11,8,49,1,17,56,25
57.56,7,47,3,27,48,36
62.48,9,49,10,27,52,46
76.22,15,64,9,19,55,58
66.38,10,49,1,42,56,36
64.53,6,49,1,20,55,33
68.21,11,50,4,30,58,37
72.28,11,61,4,26,59,33
84.34,6,48,1,29,75,28
90.65,6,71,6,31,77,44
113.55,10,100,7,29,68,50
80.73,9,58,7,34,69,42
88.35,6,77,3,25,61,31
58.16,5,50,1,15,45,20
76.42,6,67,4,18,47,37
108.84,11,97,4,24,54,56
99.2,10,87,4,28,60,48
64.14,7,46,3,26,55,31
53.1,7,44,6,30,44,34
66.78,7,58,1,24,42,37
122.63,11,112,9,26,53,37
118.47,8,108,7,22,54,34
49.19,7,38,7,19,38,41
40.71,6,31,3,18,31,34
58.15,5,49,3,26,45,35
77.7,7,67,3,29,53,40
132.17,9,119,11,28,60,62
172.94,9,161,6,30,59,45
94.89,7,84,3,30,58,26
67.29,6,51,1,37,57,33
82.96,5,71,3,57,52,34
62.95,7,49,3,34,53,35
84.28,5,74,3,30,53,32
93.9,6,84,4,32,48,38
109.9,7,100,3,24,41,48
123.05,11,112,3,20,56,40
152.47,10,140,6,43,61,44
159.74,8,147,6,36,63,47
169,6,156,4,41,67,37
138.9,7,126,6,43,65,40
91.68,6,58,1,41,80,40
59.83,5,44,1,18,52,11
64.67,8,45,0,18,56,28
67.23,11,50,3,19,57,42
73.41,6,47,1,33,64,29
64.68,6,44,1,20,56,31
72.29,6,61,0,31,57,40
79.92,6,50,3,33,70,31
77.49,5,67,3,31,55,28
78.11,6,67,1,24,61,27
61.52,5,49,1,23,52,32
63.18,5,45,3,25,54,36
69.11,5,48,1,35,59,42
72.8,8,49,4,30,57,61
96.86,13,84,3,46,62,47
134.06,11,122,11,24,61,42
154.78,8,143,3,27,60,41
167.42,7,154,6,43,69,36
125.02,7,112,7,44,65,43
131.93,6,119,6,39,68,30
62.75,5,48,3,22,54,16
53.34,3,45,1,16,43,30
73.31,6,64,1,19,49,29
121.93,6,108,1,25,80,26
109.29,5,97,0,32,65,36
107.32,5,93,1,41,78,23
92.77,5,67,1,43,80,23
105.92,6,93,1,32,68,39
150.41,7,136,6,44,75,38
184.75,6,169,1,43,87,21
166.49,6,150,13,36,93,21
115.28,6,101,1,42,77,25
94,5,77,0,37,80,25
113.66,6,101,3,33,68,33
88.5,5,77,3,31,56,47
59.44,6,50,4,30,48,29
54.33,3,40,1,18,47,18
55.81,3,42,1,22,48,17
53.13,5,44,1,39,43,31
104.59,6,93,6,33,56,47
171.57,9,159,4,40,63,42
156.29,9,143,3,39,68,42
207.89,8,195,7,38,66,40
202.43,6,190,3,34,66,34
176.64,7,164,3,31,68,33
184.85,9,172,7,44,64,40
212.01,8,197,9,45,76,49
177.81,8,164,20,52,65,49
128.41,5,115,3,46,70,24
169.67,6,156,6,46,71,27
163.93,5,151,4,43,68,22
207.6,7,195,3,40,65,34
142.31,13,129,6,37,64,53
126.13,8,115,7,30,55,41
126.7,5,115,3,38,61,26
169.1,6,150,4,51,105,32
165.53,5,151,3,50,76,25
157.89,5,143,1,49,79,24
126.75,3,115,1,36,64,14
172.58,5,159,7,40,71,37
194.62,6,169,7,49,149,31
214.38,7,182,4,93,179,35
218.09,7,204,4,53,70,38
239.65,10,224,3,57,77,51
224.9,9,209,3,51,82,42
114.79,10,101,3,51,71,18
125.65,7,112,6,47,70,30
81.51,6,71,3,34,54,28
95.3,6,84,3,43,56,30
109.13,6,97,7,38,63,29
168.9,6,156,6,45,65,36
217.4,6,203,3,45,76,30
174.19,5,159,1,45,83,19
114.76,6,101,1,47,72,24
167.48,6,154,4,47,69,31
178.23,7,164,7,47,73,36
150.28,6,136,6,45,75,30
168.77,7,154,3,45,79,25
192.13,6,177,3,50,80,24
178.36,5,164,4,45,77,21
79.78,5,61,6,38,68,28
96.63,5,84,1,40,66,31
111.66,5,100,4,35,61,31
117.16,7,105,3,38,63,32
139.73,7,126,4,39,74,25
146.8,6,133,6,42,74,21
136.37,5,122,1,37,81,13
178.63,6,164,4,47,76,36
155.34,6,140,3,52,79,37
137.35,8,122,4,56,77,40
175.8,8,161,3,44,77,43
138.61,6,126,3,38,66,33
127.03,5,115,1,29,67,21
132.29,3,119,9,30,74,24
121.06,6,108,10,44,66,35
135.75,6,122,7,44,71,35
132.99,8,119,1,46,72,36
157.23,8,143,4,49,72,39
154.44,7,140,6,52,72,42
170.65,6,156,1,49,77,26
165.67,6,150,3,43,87,16
110.82,5,97,1,44,73,28
67.08,3,50,1,23,58,18
101.83,5,90,1,32,64,26
105.56,7,93,1,44,63,38
125.19,6,112,4,45,68,29
117.69,5,105,4,43,66,25
98.18,3,80,4,37,84,11
98.64,5,74,3,37,85,28
109.45,7,97,3,40,64,34
139.73,5,126,1,48,70,36
131.01,5,115,3,52,84,34
171.75,6,154,1,53,95,36
206.01,7,190,4,50,85,29
176.89,7,164,4,37,68,33
215.99,8,201,4,51,76,42
225.76,10,208,4,65,89,46
225.39,9,209,10,55,78,66
188.9,10,174,10,50,72,56
220.86,9,206,14,52,71,56
171.04,10,156,6,44,77,47
90.93,10,77,1,51,69,41
73.53,5,51,1,29,64,16
81.69,6,67,1,37,69,33
77,8,61,1,40,65,34
126.46,9,112,4,42,75,43
94.47,7,80,3,41,77,35
114.93,6,101,6,40,75,25
189.43,8,177,14,31,66,31
132.16,8,119,4,44,66,43
96.44,6,84,0,41,63,41
72.68,3,49,0,31,63,33
66.6,6,43,3,20,58,32
66.57,5,50,4,24,57,29
92.12,7,80,3,31,66,25
104.93,3,93,0,31,66,21
114.45,7,101,1,40,68,46
83.4,5,58,3,39,72,31
80,9,67,1,33,67,42
66.73,5,38,0,24,59,29
67.28,7,46,1,29,58,33
74.58,8,64,3,27,56,29
94.52,10,84,3,17,53,40
74.68,17,61,7,21,54,62
105.63,15,93,4,27,62,49
91.7,13,77,11,24,74,55
102.31,13,87,10,50,72,63
111.12,15,97,21,40,66,57
164.11,11,147,1,39,92,46
104.45,5,90,1,46,78,17
84.87,6,71,1,54,68,42
78.31,7,50,0,36,68,39
83.67,9,71,1,44,62,46
114.67,14,101,4,45,65,54
145.25,16,129,6,31,68,79
139.78,22,126,3,23,68,53
132.72,14,119,1,34,71,42
78.39,9,49,3,51,67,51
79.74,13,58,7,48,67,55
88.01,11,74,0,53,68,47
103.31,8,87,1,60,82,42
113.92,10,97,3,53,88,42
153.84,14,136,7,42,95,48
114.28,18,100,4,24,69,61
103.22,22,77,4,42,67,87
102.23,23,61,11,28,67,88
134.98,14,119,4,48,80,54
111.08,9,87,9,56,94,48
73.44,5,43,1,44,64,29
66.22,13,54,3,29,55,45
75.43,20,64,3,30,54,46
85.54,19,58,9,31,55,73
117.74,33,48,7,28,67,104
82.97,22,54,4,37,53,71
91,20,71,11,32,64,76
112.99,24,97,10,38,71,74
111.31,15,90,7,52,94,42
137.04,9,105,1,52,118,25
73.1,5,44,1,32,64,35
71.55,5,43,1,17,63,33
67.72,6,43,1,22,59,34
59.14,5,38,1,19,50,45
62.51,9,41,1,16,54,37
59.14,10,38,3,23,51,35
50.18,7,36,1,19,43,25
56.57,10,41,4,24,48,34
59.95,9,42,7,20,50,48
57.39,14,32,6,20,47,48
52.36,7,35,0,16,45,33
64.95,9,38,3,22,57,32
75.36,17,44,10,31,66,34
101.35,16,41,7,38,92,41
97.02,22,46,4,37,83,70
90.31,20,42,7,44,76,72
103.07,23,38,10,55,87,80
102.93,28,31,10,36,79,88
54.58,8,31,3,22,47,36
61.2,15,43,1,22,52,40
62.81,14,44,4,27,53,45
85.95,20,38,7,29,74,60
89.48,26,37,7,56,75,69
84.36,28,39,16,32,67,71
64.66,22,44,6,23,54,50
86.77,26,50,27,21,74,60
95.3,25,71,6,27,81,51
135,19,71,6,43,121,38
80.25,7,42,1,35,71,42
68.3,14,38,1,28,57,57
78.88,16,39,4,31,68,53
93.07,27,43,4,42,79,70
82.28,18,38,6,42,70,60
92.1,30,37,3,31,80,60
86.11,23,41,3,31,77,37
70.14,14,43,0,44,59,52
83.21,11,44,3,28,70,68
124.39,26,40,9,19,107,96
106.79,18,41,10,34,84,91
114.13,28,36,3,27,101,68
81.94,35,38,3,47,70,54
72.38,28,37,3,22,62,50
79.97,33,34,3,34,67,66
105.06,34,35,3,35,89,86
102.97,40,34,4,35,88,77
122.12,31,43,11,42,107,76
115.04,33,47,9,60,100,69
103.75,33,44,1,64,90,52
98.55,31,40,1,31,89,42
66.91,19,37,7,33,56,53
86.92,26,33,4,43,75,57
82.97,16,41,3,50,72,46
73.6,16,40,3,54,47,62
83.46,19,31,6,44,70,68
94.6,38,33,3,39,84,48
167.83,31,34,9,31,157,52
181.75,52,41,6,36,169,57
168.92,25,34,4,44,155,70
171.58,35,31,6,63,154,87
135,32,34,13,39,119,84
105.69,35,35,9,44,90,80
127.53,32,35,9,39,115,61
151.18,18,38,4,34,141,48
192.27,40,44,3,42,180,56
165.38,24,36,3,62,151,67
125.51,27,28,6,35,110,84
97,24,29,4,32,85,62
79.75,17,31,4,21,69,56
71.31,10,35,4,31,63,38
100.12,9,35,4,30,92,37
74.26,11,24,1,25,66,42
56.73,10,39,1,6,48,43
71.78,13,32,3,17,64,37
92.68,18,31,3,27,83,48
124.03,26,36,3,19,112,62
64.64,22,42,1,17,55,45
58.97,17,41,3,25,49,47
93.32,22,40,10,24,81,62
105.11,16,37,4,35,92,68
105.34,24,35,4,21,92,71
93.5,26,37,4,27,82,57
77.38,11,37,1,30,69,38
48.42,6,40,1,39,38,27
64.26,13,36,4,8,56,40
74.17,19,39,3,18,65,43
65.8,15,36,1,17,56,49
57.85,16,41,6,26,46,48
62.79,16,39,1,18,54,41
65.08,16,40,1,30,56,41
74.98,23,42,1,18,65,47
77.91,30,42,16,14,68,45
79.76,31,35,3,18,60,68
66.55,17,31,4,32,53,56
90.8,26,30,6,26,68,78
118.4,28,40,4,56,101,88
109.88,23,42,7,25,94,85
126.34,32,54,7,29,109,89
111.63,20,74,3,20,97,54
98.27,16,47,3,26,88,47
119.54,9,43,1,35,109,50
91.99,17,42,1,44,79,64
95.59,25,42,3,28,76,81
79.13,16,46,3,29,69,46
97.54,9,44,0,42,88,33
86.08,23,47,3,64,73,32
59.7,6,42,1,31,51,33
58.65,6,41,1,16,50,41
64.29,13,41,1,16,54,51
65.46,13,44,3,16,55,51
68.16,18,44,4,18,48,58
65.36,16,50,6,19,55,42
66.45,17,54,1,15,56,34
75.73,5,43,1,65,53,26
61.15,9,39,3,17,51,51
59.46,10,44,1,15,45,50
69.14,14,43,1,15,60,42
53.63,6,45,3,9,43,37
58.49,10,46,1,14,49,42
57.76,14,47,1,21,48,40
66.89,23,44,4,12,53,56
55.88,8,43,0,6,43,47
68.58,14,40,1,12,59,47
68.26,13,44,1,17,59,41
57.76,6,39,1,9,50,32
56.54,7,44,1,12,48,31
65.53,13,43,3,7,57,33
59.98,15,45,4,7,35,51
69.24,13,47,3,10,34,60
72.05,16,37,6,21,56,61
75.05,14,44,9,24,63,60
76.3,10,39,3,26,67,44
81.85,5,27,1,22,76,25
59.69,5,34,1,9,53,26
70.35,6,41,3,25,62,31
68.13,6,31,3,24,61,33
48.4,3,41,0,7,39,27
51.59,5,45,1,19,32,26
49.77,6,39,1,12,42,31
50,3,43,0,7,38,22
60.24,7,44,3,11,52,25
62.18,14,46,3,11,52,49
65.34,14,42,7,22,56,43
69.35,9,32,3,17,60,48
64.09,9,35,1,10,57,29
59.75,5,45,3,11,51,33
61.6,6,46,1,16,53,25
57.65,3,49,1,14,48,22
54.56,10,46,3,14,38,41
56.24,8,47,13,30,40,42
67.46,11,45,4,20,58,41
99.08,11,84,4,31,78,50
120.19,9,105,7,37,81,41
106.41,9,90,7,33,89,43
94.24,5,61,0,33,83,17
83.97,11,58,4,23,73,31
77.76,5,61,1,35,66,36
95.72,8,77,3,48,81,29
111.95,6,51,3,51,101,30
72.86,6,48,1,37,63,34
63.75,7,40,1,24,56,20
64.83,8,50,6,28,55,31
102.83,13,87,11,28,67,77
114.61,10,101,13,30,67,52
83.73,7,71,7,31,65,43
67.23,6,58,1,35,42,42
69.53,9,58,1,22,47,57
124.92,18,112,7,37,62,49
98.72,13,87,4,26,60,38
65.1,5,47,1,22,56,30
71.08,5,61,3,15,40,51
97.78,13,87,4,19,46,52
55.96,3,47,1,17,46,33
68.52,5,54,6,30,58,33
99.68,9,87,9,28,67,36
118.15,8,105,4,25,72,33
116.34,7,101,4,41,83,33
125.07,7,108,4,45,92,42
127.77,6,112,4,48,83,38
83.19,5,67,4,44,70,40
81.19,3,64,4,38,69,29
73.02,6,58,1,33,62,27
68.58,5,58,1,27,58,21
67.94,3,46,1,26,59,29
73.24,3,47,1,21,64,34
74.87,5,44,1,23,66,34
75.81,9,54,1,26,65,40
117.87,9,105,7,31,63,51
145.38,9,133,6,22,64,42
120.19,7,108,4,28,65,34
120.95,6,108,3,35,66,44
178.29,7,164,4,44,75,33
137.26,5,122,4,47,81,31
101.75,5,87,4,47,78,28
73.32,5,47,1,36,64,18
64.21,3,45,1,23,56,12
64.31,3,46,0,15,56,21
75.29,6,64,1,28,61,29
88.12,5,77,1,23,62,25
81.31,5,71,4,21,54,33
74.88,5,64,1,26,59,28
83.41,5,71,1,28,70,20
85.57,5,58,1,26,75,23
77.75,3,54,1,26,68,14
70.99,3,46,1,21,62,32
75.21,3,64,1,22,62,28
78.92,5,67,1,23,63,38
74.61,5,64,1,25,58,26
57.53,3,45,1,13,49,29
62.94,5,42,4,22,55,20
77.58,6,54,3,19,68,19
102.77,5,90,4,32,71,19
108.45,5,93,1,38,86,27
67.93,3,54,3,26,58,22
66.59,3,51,1,21,57,29
98.88,6,87,1,30,63,34
148.82,7,136,3,30,70,31
146.82,6,133,6,31,77,27
144.72,5,129,1,61,80,28
94.77,3,74,1,42,81,25
97.83,3,84,0,36,75,36
118.85,5,105,4,33,75,36
153.72,8,140,6,35,70,46
135.92,6,122,3,45,72,36
113.42,6,101,4,34,66,33
153.07,7,140,4,44,67,32
133.47,6,119,1,50,74,37
140.06,6,126,4,48,72,35
123.08,6,108,6,35,81,41
87.37,6,74,3,36,72,31
76.97,3,47,3,31,68,14
66.95,3,45,3,19,59,8
86.02,3,74,0,23,66,32
128.76,6,115,3,36,75,28
188.09,8,172,1,45,87,31
191.07,6,172,3,50,106,26
202.23,5,185,3,45,95,30
141.53,5,126,1,33,89,21
134.12,3,122,1,27,70,10
138.4,3,126,4,34,67,27
137.73,3,126,3,32,62,34
128.01,6,115,3,39,69,28
128.53,5,115,3,33,75,25
105.72,3,93,1,32,71,20
112.14,3,101,1,28,63,11
100.54,3,90,3,23,60,15
103.19,3,93,3,27,55,25
94.88,3,84,3,30,59,22
134.09,3,93,6,33,118,17
188.93,6,122,3,74,166,39
160.62,10,147,10,31,66,56
199.21,7,185,7,54,70,40
134.52,6,122,3,33,68,26
122.99,5,108,3,68,72,33
122.01,5,108,9,51,71,29
102.14,6,90,10,49,59,29
69.21,5,58,13,40,56,25
92.16,5,80,1,46,61,30
97.9,5,87,7,31,58,23
103.41,5,93,3,27,57,19
108.95,3,97,1,40,62,29
142,5,129,1,43,66,42
128.52,5,115,6,42,71,30
135,5,122,3,49,66,26
94.61,5,84,6,27,56,30
75.89,3,67,3,20,50,15
82.33,3,74,6,19,45,21
161.82,6,150,3,39,60,36
209.47,17,195,6,49,72,41
200.12,7,185,3,53,78,30
205.76,7,190,1,50,83,33
187.73,7,172,6,48,83,34
149.65,7,136,3,34,76,19
119.16,6,108,7,29,61,18
133.49,7,122,4,36,59,33
109.19,7,97,4,55,56,43
90.85,7,80,1,35,54,38
126.62,7,115,7,37,60,28
125.37,7,112,3,35,70,40
170.82,7,154,4,52,90,27
164.23,7,151,3,34,72,28
211.67,7,197,6,57,72,41
217.56,8,201,3,51,84,55
124.26,6,112,3,33,60,49
192.29,7,172,1,47,113,42
105.13,7,93,4,35,62,39
84.77,7,74,6,30,57,26
100.78,5,90,1,28,59,21
97.42,6,87,4,28,56,23
90.41,6,80,3,28,55,29
111.27,6,100,3,33,59,31
109.63,6,97,4,40,67,21
143.38,6,129,1,44,77,25
139.9,6,126,6,40,76,16
150.4,6,136,3,44,77,25
116.39,6,101,1,45,83,28
127.67,6,112,3,46,84,31
106.24,7,93,4,40,70,28
107.14,7,93,3,39,76,31
142.86,8,126,1,45,92,32
164.8,9,147,1,46,99,23
148.69,8,133,3,40,88,15
135.07,7,119,1,44,88,26
114.37,6,101,1,41,71,27
82.18,7,71,4,30,59,31
110.82,7,97,6,54,68,36
176.82,7,164,3,43,66,30
128.16,7,115,0,40,70,26
114.17,5,101,1,34,74,13
96.69,5,84,1,40,68,19
109.66,7,97,3,37,66,37
102.28,7,90,0,32,64,38
111.39,7,97,0,35,78,37
160.4,7,147,7,45,68,37
207.67,9,192,3,38,83,45
157.03,9,143,3,31,74,42
138.41,7,126,3,37,64,38
135.27,6,122,6,37,70,37
127.98,7,115,3,39,68,33
105.82,8,93,7,32,63,50
78.79,13,67,10,24,56,51
103.44,8,93,6,11,55,35
96.82,9,87,4,15,52,30
99.28,11,87,9,46,58,47
116.03,9,105,3,21,54,46
144.88,9,133,3,31,60,41
122.59,8,108,0,68,67,44
119.59,7,105,4,66,69,38
126.87,7,115,6,41,60,31
107.36,6,97,9,30,54,26
73.63,6,61,1,35,62,30
82.87,6,58,3,46,71,36
125.62,7,112,3,52,67,40
164.97,9,150,3,56,74,43
115.67,8,100,24,52,79,33
75,6,64,4,31,59,22
62.61,6,50,7,18,53,31
80.06,10,43,3,19,68,62
53.12,7,38,7,28,45,33
47.06,5,29,0,23,41,23
40.55,6,34,1,11,32,28
52.26,5,44,4,21,42,28
65.09,7,54,0,47,54,25
61.36,6,50,1,24,52,25
62.54,7,49,4,23,53,31
61.92,5,51,1,23,52,34
58.56,5,49,1,20,48,37
61.03,7,47,1,29,51,45
62.31,11,50,1,24,52,42
52.65,5,45,0,10,40,27
62.66,5,47,1,20,54,22
67.75,16,51,1,26,45,57
69.67,17,43,6,21,58,58
71.82,18,47,10,38,55,60
78.49,16,48,3,22,62,66
81.27,17,58,4,22,55,69
79.09,18,67,4,17,56,57
101.74,13,90,1,16,61,40
87.55,6,74,4,32,71,42
89.06,8,71,1,48,75,42
80.2,10,61,3,31,68,44
115.66,9,100,3,35,84,43
118.01,19,101,7,43,77,79
141.82,17,126,11,31,80,55
147.05,13,129,3,28,102,38
155.01,13,133,1,57,119,52
83.02,8,51,1,40,72,48
74.02,13,45,7,22,62,60
68.89,20,46,4,25,58,51
74.76,22,49,10,26,63,55
78.16,22,58,7,25,66,49
104.68,19,90,4,43,74,46
83.64,11,64,1,28,71,45
69.2,7,51,0,33,59,35
71.58,8,54,0,31,61,34
85.8,16,67,1,46,71,68
84.3,18,49,1,19,54,73
128.83,19,51,14,52,117,48
139.03,24,87,4,43,122,52
77.8,17,40,6,20,60,66
83.75,15,39,6,17,54,73
76.57,16,37,3,21,53,66
78.13,14,34,3,31,50,68
82.46,20,32,7,41,70,62
88.22,18,48,3,29,78,41
126.47,17,74,7,28,112,48
144.69,20,37,6,34,130,78
115.32,28,47,4,31,102,65
92.49,16,44,4,34,81,55
61.15,9,37,1,13,54,23
66.57,15,36,0,16,59,31
68.36,11,35,1,19,61,30
68.05,11,39,1,11,60,35
66.59,14,38,1,25,46,57
72.25,17,36,10,18,51,62
62.71,15,38,1,25,54,40
46.15,5,39,0,5,28,37
48.43,8,34,1,8,36,41
54.94,9,38,1,10,47,37
46.12,10,39,0,6,34,34
66.03,14,34,1,12,56,52
62.91,13,35,3,21,43,54
64.87,15,29,1,8,33,58
52.18,6,31,0,3,27,46
50.12,15,33,1,8,40,42
64.52,18,33,11,15,57,34
69.32,24,32,1,14,62,33
75.47,16,26,3,41,64,57
91.99,19,33,3,19,81,57
87.37,14,35,1,19,77,53
93.08,25,31,4,17,80,71
91.33,26,29,3,31,71,78
143.56,23,34,4,23,134,46
99.11,28,33,13,31,90,41
67.98,18,31,1,18,60,38
65.16,11,32,1,14,56,47
95.54,22,31,3,16,83,68
100.24,35,31,6,33,85,81
92.04,18,35,3,25,81,56
113.06,20,31,4,47,102,51
130.35,19,38,3,22,121,44
138.25,19,36,3,32,130,36
46.41,7,39,1,8,38,28
69.38,13,36,1,8,61,41
55.19,10,39,1,14,47,37
66.4,13,39,4,35,43,57
85.85,24,37,3,12,75,55
104.24,33,35,6,11,96,37
67.98,16,41,1,15,59,42
